ID_Solicitud,Riesgo,Ingreso_Estable,Buen_Historial,Tiene_Garantia
1,Bajo,1,1,1
2,Muy alto,1,0,1
3,Alto,0,1,0
4,Muy alto,0,0,0
5,Bajo,1,1,1
6,Bajo,1,1,1
7,Bajo,1,0,0
8,Bajo,1,1,1
9,Medio,1,1,1
10,Medio,1,1,1
11,Bajo,1,1,0
12,Bajo,0,1,1
13,Muy alto,0,0,0
14,Muy alto,0,0,0
15,Alto,0,0,0
16,Muy alto,0,0,0
17,Medio,1,1,1
18,Medio,1,0,1
19,Alto,1,0,0
20,Alto,1,1,0
21,Medio,1,1,1
22,Medio,1,1,1
23,Alto,1,0,1
24,Bajo,1,1,1
25,Medio,1,1,1
26,Muy alto,0,0,1
27,Bajo,1,0,0
28,Medio,1,1,1
29,Medio,1,1,1
30,Medio,1,1,1
31,Medio,0,1,0
32,Medio,0,0,1
33,Muy alto,0,1,0
34,Bajo,1,1,1
35,Muy alto,0,0,0
36,Medio,0,1,1
37,Medio,0,1,1
38,Medio,0,1,1
39,Muy alto,0,0,1
40,Muy alto,0,0,1
41,Bajo,1,1,0
42,Alto,0,0,0
43,Alto,1,0,0
44,Alto,1,0,0
45,Muy alto,0,1,1
46,Alto,1,0,1
47,Alto,0,1,1
48,Muy alto,0,0,0
49,Muy alto,0,1,0
50,Medio,1,1,1
51,Muy alto,0,0,0
52,Bajo,1,1,1
53,Medio,1,0,0
54,Bajo,1,1,1
55,Bajo,0,1,1
56,Medio,1,0,1
57,Muy alto,0,1,0
58,Medio,1,0,1
59,Bajo,1,1,0
60,Alto,1,0,1
61,Medio,0,1,1
62,Alto,0,0,1
63,Alto,0,0,0
64,Alto,1,1,0
65,Medio,1,0,1
66,Bajo,1,1,1
67,Muy alto,0,0,1
68,Medio,1,0,1
69,Medio,1,1,0
70,Medio,0,0,0
71,Bajo,1,1,1
72,Bajo,1,1,1
73,Bajo,1,1,1
74,Bajo,0,1,1
75,Bajo,1,1,0
76,Bajo,1,1,1
77,Muy alto,0,1,1
78,Bajo,1,1,1
79,Bajo,1,1,1
80,Medio,1,1,1
81,Medio,1,1,1
82,Medio,1,1,1
83,Muy alto,0,1,0
84,Medio,1,1,1
85,Bajo,1,1,1
86,Medio,0,1,1
87,Bajo,1,1,1
88,Muy alto,0,0,1
89,Alto,0,0,0
90,Alto,0,1,1
91,Alto,1,0,1
92,Alto,0,0,1
93,Alto,0,0,1
94,Alto,0,0,0
95,Alto,1,0,1
96,Bajo,1,1,1
97,Muy alto,0,0,0
98,Medio,1,1,1
99,Bajo,1,1,1
100,Medio,0,1,0
101,Bajo,1,0,0
102,Medio,1,0,0
103,Bajo,1,1,1
104,Muy alto,0,0,1
105,Muy alto,0,0,0
106,Alto,1,1,0
107,Muy alto,1,0,1
108,Bajo,1,1,1
109,Alto,0,0,0
110,Alto,1,1,0
111,Alto,1,0,0
112,Medio,1,0,1
113,Alto,1,0,1
114,Alto,0,0,0
115,Alto,1,1,0
116,Medio,0,0,0
117,Medio,1,1,1
118,Alto,0,0,0
119,Medio,1,1,0
120,Muy alto,0,0,1
121,Medio,1,0,1
122,Bajo,1,1,0
123,Bajo,1,1,0
124,Medio,0,0,1
125,Alto,1,0,0
126,Bajo,1,1,1
127,Muy alto,0,0,0
128,Muy alto,1,0,1
129,Muy alto,0,0,0
130,Muy alto,1,0,0
131,Bajo,1,1,1
132,Medio,1,1,0
133,Bajo,1,1,0
134,Muy alto,1,0,0
135,Bajo,1,1,0
136,Alto,1,0,1
137,Muy alto,0,0,1
138,Muy alto,1,1,0
139,Medio,0,1,1
140,Alto,0,0,1
141,Alto,0,1,0
142,Bajo,1,1,0
143,Bajo,1,1,1
144,Medio,1,1,1
145,Bajo,1,1,1
146,Muy alto,0,0,0
147,Muy alto,0,0,0
148,Muy alto,0,0,0
149,Medio,1,0,1
150,Muy alto,0,0,0
151,Medio,1,1,0
152,Medio,0,1,1
153,Medio,1,1,0
154,Medio,1,1,0
155,Bajo,1,1,0
156,Medio,1,1,1
157,Bajo,1,1,0
158,Alto,0,0,1
159,Bajo,1,1,1
160,Muy alto,0,0,0
161,Medio,0,1,1
162,Medio,0,1,1
163,Muy alto,0,1,0
164,Alto,1,0,1
165,Medio,1,1,0
166,Alto,1,1,0
167,Medio,1,1,0
168,Medio,1,1,0
169,Bajo,1,1,0
170,Muy alto,0,0,0
171,Bajo,0,0,1
172,Muy alto,1,0,1
173,Alto,0,1,0
174,Medio,1,0,1
175,Bajo,1,0,1
176,Medio,1,0,1
177,Muy alto,1,0,0
178,Medio,1,1,1
179,Bajo,0,1,1
180,Medio,0,1,1
181,Muy alto,0,0,1
182,Medio,0,1,0
183,Alto,0,1,1
184,Muy alto,0,0,0
185,Medio,1,1,1
186,Medio,1,0,1
187,Alto,0,0,0
188,Medio,1,1,1
189,Medio,0,1,0
190,Bajo,1,1,0
191,Alto,0,1,1
192,Medio,0,1,1
193,Alto,1,1,0
194,Medio,1,0,0
195,Muy alto,0,0,1
196,Alto,0,1,0
197,Bajo,1,1,1
198,Bajo,1,1,0
199,Alto,0,1,0
200,Bajo,1,0,1
201,Alto,1,0,1
202,Bajo,1,1,1
203,Muy alto,0,0,0
204,Medio,1,1,1
205,Alto,0,0,1
206,Medio,1,1,1
207,Bajo,1,1,0
208,Medio,1,1,1
209,Medio,1,0,1
210,Alto,1,1,1
211,Alto,0,0,0
212,Medio,1,1,1
213,Bajo,1,1,1
214,Alto,0,0,0
215,Muy alto,0,0,0
216,Bajo,1,1,0
217,Medio,1,1,1
218,Bajo,1,1,1
219,Bajo,0,1,0
220,Medio,1,1,1
221,Muy alto,0,0,0
222,Bajo,1,1,0
223,Alto,0,0,1
224,Alto,0,0,0
225,Medio,0,1,1
226,Alto,0,0,1
227,Bajo,1,0,1
228,Bajo,0,1,1
229,Bajo,1,1,1
230,Alto,0,1,0
231,Medio,0,1,1
232,Bajo,1,1,1
233,Medio,1,1,1
234,Bajo,1,0,1
235,Medio,1,1,1
236,Bajo,1,1,0
237,Medio,1,0,1
238,Bajo,1,1,1
239,Bajo,1,1,0
240,Bajo,1,1,1
241,Muy alto,0,0,0
242,Bajo,1,1,0
243,Alto,1,0,0
244,Alto,0,1,0
245,Medio,1,1,0
246,Muy alto,0,0,0
247,Bajo,1,1,1
248,Alto,1,0,1
249,Alto,0,0,0
250,Alto,1,1,0
251,Muy alto,0,1,1
252,Alto,1,1,1
253,Bajo,0,1,1
254,Bajo,1,1,1
255,Alto,0,0,1
256,Alto,0,0,0
257,Medio,0,1,1
258,Bajo,1,1,0
259,Muy alto,0,0,0
260,Muy alto,0,0,0
261,Muy alto,0,0,1
262,Medio,0,1,1
263,Muy alto,0,0,0
264,Medio,1,0,0
265,Alto,0,1,0
266,Alto,1,1,0
267,Alto,0,0,0
268,Bajo,1,1,1
269,Bajo,1,1,1
270,Alto,1,0,0
271,Medio,1,1,1
272,Alto,1,1,1
273,Muy alto,0,0,0
274,Bajo,1,1,1
275,Muy alto,0,0,0
276,Muy alto,0,0,0
277,Muy alto,0,0,0
278,Muy alto,0,0,1
279,Medio,0,1,1
280,Alto,1,1,0
281,Bajo,1,1,0
282,Muy alto,1,0,0
283,Bajo,1,1,0
284,Bajo,1,0,1
285,Medio,1,1,1
286,Medio,1,0,1
287,Bajo,1,1,0
288,Medio,1,1,0
289,Bajo,1,1,1
290,Alto,0,0,0
291,Alto,0,0,1
292,Alto,1,0,0
293,Alto,1,0,0
294,Medio,1,1,1
295,Medio,1,0,1
296,Alto,1,0,1
297,Alto,1,1,0
298,Medio,1,1,0
299,Medio,1,0,1
300,Bajo,1,1,1
301,Bajo,1,1,1
302,Medio,0,1,0
303,Muy alto,0,0,0
304,Medio,1,1,0
305,Alto,1,0,1
306,Alto,1,0,1
307,Medio,1,0,0
308,Muy alto,0,0,1
309,Muy alto,0,0,0
310,Alto,0,1,0
311,Alto,0,1,0
312,Medio,0,1,0
313,Muy alto,0,0,1
314,Muy alto,0,0,1
315,Muy alto,0,0,0
316,Muy alto,0,0,0
317,Bajo,1,1,0
318,Bajo,1,1,0
319,Medio,1,1,1
320,Bajo,1,1,0
321,Bajo,1,1,1
322,Alto,0,0,1
323,Bajo,1,1,1
324,Bajo,1,1,0
325,Alto,0,0,0
326,Medio,1,1,1
327,Alto,0,0,0
328,Alto,0,0,0
329,Muy alto,0,0,0
330,Alto,0,1,1
331,Medio,1,1,0
332,Medio,1,1,1
333,Medio,1,0,1
334,Bajo,1,1,1
335,Alto,0,1,0
336,Muy alto,0,0,0
337,Medio,1,1,1
338,Medio,1,1,1
339,Bajo,1,0,1
340,Medio,1,0,0
341,Medio,1,0,1
342,Alto,1,1,0
343,Medio,1,1,1
344,Medio,1,1,1
345,Alto,1,0,0
346,Alto,0,0,0
347,Medio,1,0,0
348,Bajo,1,1,1
349,Medio,1,1,1
350,Medio,1,1,1
351,Alto,1,0,0
352,Muy alto,0,0,0
353,Medio,0,1,1
354,Medio,1,1,1
355,Muy alto,1,0,0
356,Alto,1,0,1
357,Alto,0,1,1
358,Bajo,1,1,1
359,Muy alto,0,0,0
360,Medio,1,0,0
361,Medio,0,1,1
362,Bajo,1,1,1
363,Medio,1,1,1
364,Alto,1,0,1
365,Muy alto,1,0,1
366,Muy alto,1,0,1
367,Medio,1,1,0
368,Medio,1,0,1
369,Alto,0,1,0
370,Bajo,1,0,1
371,Bajo,1,1,1
372,Alto,0,1,0
373,Muy alto,0,0,0
374,Bajo,1,1,0
375,Bajo,1,1,1
376,Alto,1,0,0
377,Alto,0,1,0
378,Muy alto,0,0,1
379,Alto,1,1,0
380,Medio,1,0,0
381,Medio,1,1,0
382,Medio,1,1,1
383,Medio,1,1,0
384,Bajo,1,1,0
385,Alto,0,0,1
386,Medio,1,0,1
387,Bajo,1,1,0
388,Alto,0,1,1
389,Bajo,1,1,0
390,Alto,0,0,0
391,Alto,1,0,0
392,Bajo,1,1,0
393,Medio,1,1,1
394,Bajo,1,1,1
395,Muy alto,0,0,0
396,Alto,0,0,1
397,Medio,1,1,1
398,Bajo,1,1,0
399,Medio,1,1,0
400,Alto,1,0,1
401,Medio,1,1,0
402,Bajo,1,1,1
403,Alto,1,0,0
404,Medio,0,1,0
405,Medio,1,1,1
406,Medio,0,1,0
407,Alto,0,0,0
408,Bajo,1,1,1
409,Bajo,1,1,1
410,Muy alto,0,0,1
411,Alto,1,1,1
412,Medio,1,1,1
413,Muy alto,0,0,0
414,Bajo,1,1,1
415,Medio,1,1,1
416,Medio,1,0,1
417,Bajo,1,1,1
418,Medio,1,1,1
419,Bajo,1,1,1
420,Bajo,0,1,1
421,Medio,1,1,1
422,Medio,1,1,0
423,Bajo,1,1,1
424,Bajo,1,1,1
425,Bajo,1,1,0
426,Bajo,0,1,1
427,Bajo,1,1,1
428,Bajo,1,1,1
429,Medio,1,1,0
430,Alto,0,1,1
431,Bajo,1,1,1
432,Alto,0,0,1
433,Alto,0,0,0
434,Muy alto,0,0,0
435,Alto,0,0,0
436,Bajo,1,1,1
437,Medio,1,1,0
438,Medio,1,1,1
439,Bajo,1,1,0
440,Bajo,1,1,0
441,Medio,0,0,0
442,Muy alto,0,0,1
443,Bajo,1,1,1
444,Medio,1,0,0
445,Alto,1,0,1
446,Muy alto,1,1,1
447,Bajo,1,1,0
448,Medio,1,1,1
449,Alto,1,0,0
450,Medio,1,1,0
451,Medio,1,0,0
452,Alto,1,0,1
453,Bajo,1,1,1
454,Bajo,1,1,1
455,Alto,0,0,0
456,Alto,0,0,0
457,Medio,0,1,1
458,Alto,0,1,1
459,Alto,1,1,1
460,Medio,0,1,0
461,Muy alto,0,0,0
462,Muy alto,0,0,1
463,Alto,0,1,0
464,Alto,0,0,1
465,Bajo,1,1,1
466,Medio,1,0,1
467,Medio,0,1,1
468,Bajo,1,1,0
469,Bajo,1,1,1
470,Bajo,1,1,1
471,Medio,0,1,0
472,Muy alto,0,0,0
473,Alto,1,0,0
474,Muy alto,0,1,1
475,Muy alto,0,0,0
476,Bajo,1,1,1
477,Muy alto,0,0,0
478,Medio,1,1,1
479,Bajo,1,1,1
480,Bajo,1,1,1
481,Medio,1,1,0
482,Alto,0,1,0
483,Alto,1,0,0
484,Medio,1,1,0
485,Bajo,0,1,1
486,Muy alto,0,0,0
487,Medio,0,1,0
488,Medio,1,1,1
489,Bajo,0,1,0
490,Alto,0,0,0
491,Medio,1,1,0
492,Alto,1,0,1
493,Medio,0,1,1
494,Alto,0,0,0
495,Medio,1,0,0
496,Medio,0,0,0
497,Medio,1,1,0
498,Alto,0,0,1
499,Muy alto,0,0,1
500,Bajo,1,1,0
501,Bajo,1,1,1
502,Bajo,1,1,1
503,Medio,1,1,0
504,Alto,0,0,1
505,Alto,1,1,1
506,Bajo,1,1,1
507,Bajo,1,1,0
508,Medio,0,1,1
509,Alto,0,0,0
510,Medio,0,0,1
511,Medio,1,0,1
512,Bajo,1,1,1
513,Alto,0,0,0
514,Medio,0,1,0
515,Alto,1,1,0
516,Medio,1,1,1
517,Medio,1,1,0
518,Muy alto,0,0,0
519,Medio,0,1,0
520,Muy alto,0,0,0
521,Bajo,1,1,1
522,Medio,1,1,1
523,Bajo,1,1,1
524,Alto,0,0,0
525,Medio,1,1,1
526,Medio,1,1,1
527,Alto,0,1,1
528,Medio,1,0,1
529,Muy alto,1,0,0
530,Muy alto,1,0,0
531,Muy alto,0,0,0
532,Alto,0,1,0
533,Alto,1,0,1
534,Bajo,1,1,1
535,Muy alto,0,0,1
536,Alto,1,1,0
537,Muy alto,0,0,1
538,Alto,0,0,1
539,Muy alto,0,0,0
540,Medio,1,1,1
541,Bajo,1,1,0
542,Medio,1,1,1
543,Alto,0,0,1
544,Alto,1,0,1
545,Alto,0,0,0
546,Muy alto,0,0,0
547,Muy alto,0,0,0
548,Medio,1,1,0
549,Medio,1,0,1
550,Alto,0,0,0
551,Medio,1,1,1
552,Medio,1,0,0
553,Bajo,1,1,1
554,Muy alto,0,1,1
555,Alto,0,0,1
556,Alto,1,1,1
557,Bajo,1,1,1
558,Medio,1,1,1
559,Bajo,1,0,0
560,Alto,1,0,1
561,Alto,0,0,1
562,Bajo,1,1,1
563,Alto,0,0,1
564,Bajo,1,1,1
565,Alto,1,0,0
566,Medio,1,1,1
567,Bajo,1,1,1
568,Medio,1,0,0
569,Medio,0,0,0
570,Medio,1,1,0
571,Alto,0,0,0
572,Bajo,1,1,1
573,Alto,0,0,0
574,Medio,1,1,0
575,Muy alto,0,0,0
576,Muy alto,0,0,0
577,Bajo,1,1,0
578,Alto,1,1,1
579,Medio,0,1,0
580,Medio,1,1,0
581,Medio,1,1,0
582,Bajo,1,1,0
583,Bajo,1,0,0
584,Medio,0,0,0
585,Bajo,1,0,1
586,Muy alto,0,0,0
587,Bajo,1,1,0
588,Bajo,1,1,1
589,Muy alto,1,0,0
590,Medio,1,1,1
591,Bajo,1,1,1
592,Alto,1,0,1
593,Bajo,1,1,1
594,Bajo,1,1,0
595,Medio,1,0,1
596,Bajo,1,1,1
597,Bajo,1,1,1
598,Medio,1,1,0
599,Bajo,0,1,1
600,Medio,0,1,0
601,Muy alto,0,0,0
602,Medio,1,1,1
603,Bajo,1,1,0
604,Medio,1,1,0
605,Medio,1,1,0
606,Muy alto,0,0,0
607,Bajo,1,1,1
608,Medio,0,1,0
609,Medio,1,1,0
610,Bajo,1,0,0
611,Medio,0,1,0
612,Medio,1,0,1
613,Alto,0,1,0
614,Muy alto,0,0,0
615,Alto,1,0,0
616,Muy alto,0,0,0
617,Alto,0,1,0
618,Bajo,1,1,1
619,Bajo,1,1,1
620,Muy alto,0,0,0
621,Bajo,1,1,1
622,Bajo,1,1,0
623,Muy alto,0,0,0
624,Medio,1,1,0
625,Medio,0,0,1
626,Alto,1,1,1
627,Bajo,1,1,1
628,Muy alto,0,0,1
629,Medio,1,1,1
630,Medio,1,1,0
631,Muy alto,0,0,0
632,Medio,0,1,1
633,Medio,1,1,0
634,Bajo,1,1,1
635,Bajo,1,1,1
636,Muy alto,0,0,0
637,Alto,0,0,1
638,Muy alto,0,0,0
639,Bajo,1,1,1
640,Muy alto,1,0,1
641,Bajo,1,0,1
642,Alto,0,0,1
643,Bajo,1,1,1
644,Muy alto,0,0,1
645,Alto,1,0,1
646,Muy alto,0,0,0
647,Medio,1,0,0
648,Alto,1,1,0
649,Muy alto,0,0,1
650,Muy alto,0,0,0
651,Medio,1,1,0
652,Alto,0,1,0
653,Medio,1,1,1
654,Medio,1,0,1
655,Muy alto,0,0,1
656,Medio,1,1,0
657,Bajo,1,1,1
658,Alto,0,0,0
659,Bajo,1,1,0
660,Bajo,1,1,1
661,Bajo,0,1,0
662,Alto,0,0,1
663,Muy alto,0,0,0
664,Alto,0,1,0
665,Alto,1,0,0
666,Alto,0,1,0
667,Alto,1,0,1
668,Alto,0,0,0
669,Muy alto,0,0,0
670,Bajo,1,1,1
671,Bajo,1,1,1
672,Medio,0,1,0
673,Bajo,0,1,1
674,Alto,0,1,0
675,Alto,0,0,0
676,Muy alto,0,0,0
677,Muy alto,0,0,1
678,Bajo,1,1,0
679,Bajo,1,1,1
680,Medio,1,1,1
681,Bajo,1,0,0
682,Muy alto,0,0,0
683,Medio,0,0,1
684,Bajo,1,0,1
685,Medio,0,0,0
686,Bajo,1,1,1
687,Medio,1,1,1
688,Medio,0,0,1
689,Muy alto,1,0,1
690,Medio,1,1,1
691,Bajo,1,0,1
692,Medio,0,1,1
693,Muy alto,0,0,1
694,Medio,0,0,1
695,Medio,1,0,0
696,Bajo,0,1,1
697,Medio,1,0,1
698,Medio,0,1,1
699,Alto,1,0,0
700,Muy alto,0,0,0
701,Bajo,0,1,1
702,Medio,0,0,0
703,Medio,1,1,1
704,Bajo,1,1,1
705,Medio,0,1,1
706,Muy alto,0,0,0
707,Bajo,1,1,1
708,Alto,0,0,1
709,Medio,0,0,1
710,Alto,1,0,0
711,Alto,1,1,0
712,Bajo,1,1,0
713,Medio,1,1,1
714,Alto,0,0,0
715,Alto,1,0,0
716,Medio,1,0,0
717,Muy alto,0,0,0
718,Medio,1,1,1
719,Alto,0,1,1
720,Alto,0,0,1
721,Medio,0,1,1
722,Muy alto,0,0,0
723,Medio,1,1,0
724,Alto,0,0,0
725,Muy alto,0,0,0
726,Muy alto,0,1,1
727,Alto,0,0,0
728,Bajo,1,1,1
729,Bajo,1,1,1
730,Bajo,1,1,1
731,Medio,1,0,1
732,Alto,1,0,1
733,Medio,1,1,1
734,Alto,1,0,0
735,Medio,1,0,1
736,Alto,0,1,1
737,Bajo,1,1,1
738,Medio,0,0,0
739,Muy alto,0,0,0
740,Medio,1,0,1
741,Bajo,1,1,0
742,Alto,1,0,0
743,Medio,1,0,1
744,Medio,1,1,1
745,Muy alto,0,1,0
746,Bajo,1,1,1
747,Bajo,1,1,1
748,Bajo,0,1,1
749,Alto,1,0,1
750,Muy alto,1,0,0
751,Alto,0,0,0
752,Bajo,0,1,0
753,Muy alto,0,0,1
754,Bajo,1,1,1
755,Bajo,1,1,0
756,Bajo,1,1,1
757,Bajo,1,1,1
758,Bajo,1,1,0
759,Medio,1,1,0
760,Medio,1,0,0
761,Bajo,1,1,1
762,Muy alto,0,0,1
763,Medio,1,1,1
764,Bajo,1,1,1
765,Bajo,1,1,1
766,Medio,1,1,1
767,Alto,0,0,1
768,Muy alto,0,0,0
769,Bajo,1,0,1
770,Alto,0,1,1
771,Muy alto,0,0,1
772,Bajo,1,1,1
773,Bajo,1,1,1
774,Medio,1,0,1
775,Bajo,1,1,1
776,Muy alto,0,0,0
777,Alto,0,0,0
778,Bajo,1,1,0
779,Bajo,1,1,1
780,Medio,1,1,0
781,Bajo,1,1,1
782,Bajo,1,1,1
783,Alto,0,1,0
784,Bajo,1,1,1
785,Medio,1,0,0
786,Medio,1,0,0
787,Medio,0,0,0
788,Alto,0,0,0
789,Bajo,1,1,1
790,Muy alto,1,0,1
791,Medio,0,1,1
792,Bajo,1,1,1
793,Medio,0,1,0
794,Alto,1,0,1
795,Muy alto,0,0,0
796,Medio,1,1,1
797,Muy alto,0,0,1
798,Alto,0,1,1
799,Muy alto,0,0,1
800,Bajo,1,0,0
801,Muy alto,0,1,0
802,Muy alto,0,0,0
803,Medio,1,1,0
804,Bajo,1,1,1
805,Muy alto,0,1,0
806,Alto,1,0,1
807,Bajo,1,1,1
808,Muy alto,0,0,1
809,Alto,0,0,0
810,Alto,1,0,1
811,Alto,0,0,1
812,Medio,1,1,1
813,Medio,1,1,0
814,Bajo,1,0,1
815,Alto,0,0,1
816,Bajo,0,1,1
817,Muy alto,0,0,0
818,Medio,1,0,1
819,Alto,0,0,0
820,Muy alto,0,0,1
821,Bajo,1,1,0
822,Medio,1,1,1
823,Muy alto,0,0,0
824,Muy alto,0,0,0
825,Medio,1,0,0
826,Alto,0,0,0
827,Alto,0,0,1
828,Bajo,0,1,0
829,Muy alto,0,0,0
830,Alto,0,1,1
831,Bajo,1,1,0
832,Medio,1,1,1
833,Muy alto,1,1,0
834,Bajo,1,1,1
835,Alto,0,1,1
836,Medio,0,1,1
837,Muy alto,0,0,0
838,Alto,0,1,0
839,Bajo,1,0,1
840,Medio,1,1,1
841,Bajo,1,0,1
842,Medio,1,1,1
843,Muy alto,0,0,0
844,Muy alto,1,1,0
845,Muy alto,1,0,0
846,Medio,1,1,1
847,Muy alto,0,0,0
848,Muy alto,0,0,1
849,Medio,0,1,0
850,Muy alto,0,0,0
851,Muy alto,1,0,0
852,Muy alto,0,0,0
853,Alto,1,1,0
854,Medio,0,1,1
855,Medio,1,1,1
856,Bajo,1,1,0
857,Medio,1,1,1
858,Bajo,1,1,1
859,Bajo,1,1,1
860,Bajo,1,1,1
861,Medio,0,1,1
862,Medio,1,1,1
863,Bajo,1,1,0
864,Alto,0,0,0
865,Muy alto,0,1,0
866,Bajo,1,0,1
867,Alto,1,0,1
868,Medio,1,0,0
869,Muy alto,0,0,0
870,Bajo,1,1,1
871,Bajo,0,1,0
872,Medio,1,1,0
873,Bajo,1,1,1
874,Muy alto,0,1,0
875,Alto,0,0,1
876,Bajo,1,1,1
877,Medio,1,1,1
878,Alto,1,0,0
879,Muy alto,1,0,0
880,Medio,1,1,1
881,Muy alto,0,0,0
882,Alto,0,0,1
883,Alto,0,0,1
884,Alto,0,0,0
885,Medio,0,1,0
886,Bajo,1,1,1
887,Bajo,0,1,1
888,Medio,0,1,1
889,Medio,1,1,1
890,Bajo,1,1,1
891,Medio,1,0,0
892,Alto,1,1,0
893,Medio,0,0,1
894,Muy alto,0,0,1
895,Alto,1,0,0
896,Medio,1,0,0
897,Bajo,1,1,1
898,Alto,0,1,0
899,Medio,1,1,1
900,Alto,0,0,1
901,Bajo,1,1,0
902,Muy alto,0,0,1
903,Bajo,1,1,1
904,Medio,1,0,1
905,Alto,0,0,0
906,Alto,1,1,0
907,Alto,0,0,0
908,Medio,0,1,0
909,Medio,1,1,1
910,Alto,0,0,0
911,Medio,1,0,0
912,Muy alto,0,1,0
913,Bajo,1,1,1
914,Medio,0,1,0
915,Alto,1,1,0
916,Medio,1,1,1
917,Bajo,1,1,1
918,Medio,1,0,0
919,Bajo,1,1,1
920,Medio,1,1,0
921,Muy alto,1,0,0
922,Medio,1,0,0
923,Muy alto,0,0,0
924,Muy alto,0,0,0
925,Medio,1,0,0
926,Bajo,1,1,1
927,Medio,1,1,0
928,Bajo,1,1,0
929,Alto,0,0,1
930,Medio,1,1,0
931,Alto,1,1,1
932,Alto,0,0,0
933,Medio,1,1,0
934,Medio,0,1,1
935,Bajo,1,0,1
936,Medio,1,1,0
937,Alto,1,1,0
938,Alto,0,1,1
939,Muy alto,0,0,1
940,Bajo,1,1,1
941,Muy alto,0,0,0
942,Muy alto,0,0,0
943,Medio,1,1,0
944,Medio,0,1,1
945,Alto,1,0,0
946,Alto,0,0,1
947,Bajo,1,1,0
948,Muy alto,1,0,0
949,Alto,0,1,0
950,Muy alto,1,0,1
951,Medio,1,0,0
952,Bajo,1,1,1
953,Medio,1,1,1
954,Bajo,1,1,1
955,Alto,1,1,0
956,Bajo,1,1,0
957,Bajo,1,1,1
958,Alto,0,0,0
959,Bajo,1,0,0
960,Muy alto,0,0,0
961,Alto,0,1,0
962,Alto,1,0,0
963,Medio,1,1,1
964,Bajo,1,1,1
965,Muy alto,0,0,0
966,Alto,0,0,0
967,Medio,0,0,0
968,Muy alto,0,0,0
969,Bajo,1,1,1
970,Bajo,1,1,1
971,Alto,1,0,0
972,Muy alto,1,0,0
973,Medio,1,1,1
974,Alto,0,1,0
975,Alto,0,1,0
976,Alto,0,1,1
977,Bajo,1,1,0
978,Bajo,0,1,0
979,Muy alto,0,0,0
980,Bajo,1,1,0
981,Medio,1,1,0
982,Muy alto,0,0,0
983,Bajo,0,1,0
984,Medio,1,0,0
985,Bajo,1,1,1
986,Muy alto,0,0,1
987,Bajo,1,1,1
988,Alto,0,1,0
989,Muy alto,0,0,0
990,Bajo,0,1,1
991,Medio,1,1,1
992,Medio,1,0,1
993,Medio,1,1,0
994,Medio,0,1,0
995,Alto,1,1,0
996,Medio,0,0,1
997,Medio,1,1,1
998,Medio,1,1,1
999,Medio,1,1,1
1000,Muy alto,0,0,1
1001,Muy alto,1,0,0
1002,Medio,1,1,1
1003,Muy alto,0,0,0
1004,Bajo,1,1,0
1005,Medio,1,1,0
1006,Medio,1,1,1
1007,Alto,1,1,0
1008,Medio,1,1,0
1009,Medio,1,1,1
1010,Bajo,1,1,1
1011,Alto,0,1,1
1012,Medio,1,1,1
1013,Medio,1,1,1
1014,Bajo,1,1,1
1015,Bajo,0,1,1
1016,Muy alto,0,1,1
1017,Medio,1,1,0
1018,Muy alto,0,0,1
1019,Muy alto,0,0,0
1020,Bajo,1,1,0
1021,Medio,1,1,1
1022,Medio,0,1,1
1023,Alto,0,0,0
1024,Bajo,1,1,1
1025,Medio,0,1,1
1026,Bajo,1,1,1
1027,Medio,1,1,0
1028,Alto,1,1,1
1029,Muy alto,0,0,0
1030,Muy alto,0,0,1
1031,Muy alto,0,1,0
1032,Bajo,1,1,1
1033,Muy alto,0,0,0
1034,Medio,1,0,1
1035,Muy alto,0,0,0
1036,Medio,0,1,1
1037,Medio,0,1,0
1038,Medio,1,1,0
1039,Medio,1,1,1
1040,Bajo,1,1,1
1041,Bajo,1,1,0
1042,Bajo,1,1,1
1043,Bajo,1,1,1
1044,Medio,1,0,0
1045,Muy alto,0,0,0
1046,Alto,0,1,1
1047,Bajo,0,1,0
1048,Medio,0,1,1
1049,Alto,0,0,1
1050,Medio,1,1,1
1051,Medio,0,1,1
1052,Alto,0,1,0
1053,Muy alto,0,0,0
1054,Medio,0,0,1
1055,Alto,1,0,1
1056,Alto,0,1,1
1057,Alto,0,0,0
1058,Alto,0,0,0
1059,Alto,0,1,0
1060,Alto,0,0,0
1061,Bajo,1,1,1
1062,Bajo,1,1,1
1063,Medio,1,0,0
1064,Alto,1,0,1
1065,Alto,1,0,0
1066,Bajo,1,1,1
1067,Muy alto,0,0,0
1068,Bajo,1,1,1
1069,Medio,1,1,1
1070,Medio,1,1,0
1071,Medio,1,1,0
1072,Bajo,1,1,1
1073,Bajo,0,1,1
1074,Muy alto,1,0,0
1075,Muy alto,0,0,1
1076,Muy alto,0,0,0
1077,Alto,1,1,1
1078,Alto,0,0,0
1079,Medio,0,0,0
1080,Medio,1,1,0
1081,Alto,0,0,1
1082,Bajo,1,1,1
1083,Alto,0,0,1
1084,Medio,1,0,1
1085,Muy alto,0,1,0
1086,Muy alto,0,0,0
1087,Medio,1,1,1
1088,Medio,1,1,0
1089,Muy alto,0,0,1
1090,Bajo,1,1,1
1091,Alto,1,0,1
1092,Alto,0,0,1
1093,Alto,0,0,0
1094,Muy alto,0,1,0
1095,Medio,1,1,0
1096,Bajo,1,0,1
1097,Medio,1,0,1
1098,Alto,0,0,0
1099,Medio,0,0,0
1100,Bajo,1,1,1
1101,Bajo,1,1,1
1102,Muy alto,1,0,0
1103,Medio,1,1,1
1104,Bajo,0,1,1
1105,Bajo,1,0,1
1106,Medio,1,1,1
1107,Medio,0,1,1
1108,Medio,1,1,0
1109,Medio,1,1,0
1110,Bajo,1,1,0
1111,Muy alto,1,1,0
1112,Medio,0,1,1
1113,Alto,0,0,0
1114,Medio,1,1,0
1115,Medio,1,0,1
1116,Medio,0,1,1
1117,Bajo,1,1,1
1118,Alto,0,0,1
1119,Bajo,1,1,1
1120,Bajo,1,1,1
1121,Bajo,1,1,0
1122,Alto,0,0,1
1123,Bajo,1,1,0
1124,Medio,0,1,0
1125,Bajo,1,1,1
1126,Medio,1,1,1
1127,Alto,1,1,0
1128,Alto,1,0,0
1129,Alto,1,1,1
1130,Bajo,1,1,1
1131,Alto,0,1,1
1132,Medio,1,0,0
1133,Muy alto,1,0,0
1134,Bajo,1,1,0
1135,Bajo,1,1,1
1136,Alto,0,0,1
1137,Bajo,1,1,1
1138,Medio,0,1,1
1139,Muy alto,0,0,0
1140,Medio,1,1,1
1141,Alto,0,0,1
1142,Alto,1,0,1
1143,Medio,1,0,0
1144,Muy alto,1,0,0
1145,Muy alto,0,1,0
1146,Medio,1,1,0
1147,Bajo,1,1,1
1148,Muy alto,0,0,0
1149,Bajo,1,1,1
1150,Bajo,1,1,0
1151,Muy alto,1,0,0
1152,Alto,1,0,0
1153,Alto,0,0,0
1154,Medio,0,1,1
1155,Muy alto,1,0,0
1156,Alto,1,0,0
1157,Alto,1,1,0
1158,Medio,1,0,0
1159,Alto,0,1,1
1160,Medio,1,0,1
1161,Medio,0,0,1
1162,Muy alto,1,0,1
1163,Medio,0,0,1
1164,Bajo,0,1,0
1165,Medio,1,1,1
1166,Medio,1,0,1
1167,Alto,1,0,0
1168,Alto,0,1,0
1169,Medio,1,0,0
1170,Bajo,1,1,0
1171,Medio,1,0,0
1172,Medio,1,0,1
1173,Alto,1,0,0
1174,Bajo,0,1,1
1175,Medio,0,0,1
1176,Medio,1,1,1
1177,Alto,0,0,0
1178,Bajo,0,1,0
1179,Alto,1,1,1
1180,Bajo,1,1,1
1181,Medio,1,0,0
1182,Bajo,1,1,1
1183,Bajo,1,1,1
1184,Bajo,1,1,1
1185,Alto,1,0,1
1186,Alto,0,0,0
1187,Medio,1,1,1
1188,Medio,0,1,1
1189,Muy alto,1,0,0
1190,Medio,0,0,1
1191,Muy alto,1,0,0
1192,Bajo,1,1,0
1193,Medio,1,1,1
1194,Bajo,1,1,1
1195,Medio,1,1,0
1196,Medio,1,1,1
1197,Alto,0,0,1
1198,Muy alto,1,0,0
1199,Bajo,1,1,1
1200,Muy alto,0,0,1
1201,Bajo,1,1,1
1202,Bajo,1,1,1
1203,Bajo,1,0,1
1204,Bajo,0,1,1
1205,Alto,0,0,1
1206,Alto,0,0,0
1207,Alto,1,0,0
1208,Alto,1,0,1
1209,Medio,0,1,0
1210,Bajo,1,0,1
1211,Medio,1,1,1
1212,Alto,1,1,1
1213,Medio,1,1,0
1214,Muy alto,0,0,0
1215,Alto,1,1,0
1216,Alto,1,0,1
1217,Alto,0,0,1
1218,Alto,0,0,1
1219,Medio,0,1,1
1220,Alto,0,1,0
1221,Alto,1,0,0
1222,Bajo,1,1,1
1223,Medio,1,1,1
1224,Medio,1,1,1
1225,Alto,0,0,0
1226,Bajo,1,1,1
1227,Alto,0,1,0
1228,Muy alto,0,1,0
1229,Medio,1,1,1
1230,Medio,0,1,0
1231,Medio,0,1,1
1232,Bajo,1,1,0
1233,Alto,1,1,1
1234,Medio,1,1,1
1235,Medio,0,1,1
1236,Medio,0,1,1
1237,Alto,1,0,0
1238,Bajo,1,0,0
1239,Alto,1,0,1
1240,Muy alto,1,0,1
1241,Bajo,1,1,0
1242,Muy alto,1,1,0
1243,Bajo,1,1,1
1244,Medio,1,0,0
1245,Alto,0,0,1
1246,Muy alto,0,0,1
1247,Muy alto,0,1,0
1248,Bajo,1,1,1
1249,Bajo,1,1,1
1250,Bajo,1,1,1
1251,Bajo,0,1,1
1252,Medio,1,1,0
1253,Bajo,0,1,1
1254,Medio,1,0,0
1255,Medio,1,1,1
1256,Medio,1,1,1
1257,Bajo,1,1,1
1258,Bajo,1,1,0
1259,Alto,0,0,1
1260,Muy alto,0,0,0
1261,Medio,1,1,0
1262,Bajo,1,1,1
1263,Medio,1,1,0
1264,Alto,1,0,0
1265,Muy alto,0,0,1
1266,Medio,1,0,1
1267,Muy alto,0,0,0
1268,Medio,0,0,0
1269,Bajo,1,1,1
1270,Medio,0,1,0
1271,Bajo,1,1,0
1272,Muy alto,1,0,0
1273,Medio,1,1,1
1274,Muy alto,1,0,0
1275,Muy alto,1,0,0
1276,Alto,1,0,0
1277,Medio,1,1,1
1278,Medio,0,0,1
1279,Bajo,1,1,0
1280,Bajo,1,1,0
1281,Alto,0,0,1
1282,Alto,0,0,1
1283,Medio,1,1,1
1284,Alto,1,1,0
1285,Medio,1,1,1
1286,Alto,1,0,1
1287,Bajo,0,1,1
1288,Alto,1,1,1
1289,Muy alto,0,0,0
1290,Medio,1,0,1
1291,Muy alto,0,1,0
1292,Medio,0,1,0
1293,Medio,0,1,0
1294,Alto,1,0,1
1295,Bajo,1,0,1
1296,Alto,1,0,0
1297,Bajo,1,1,0
1298,Alto,1,1,1
1299,Muy alto,0,0,0
1300,Muy alto,0,0,0
1301,Bajo,1,1,1
1302,Medio,1,1,0
1303,Muy alto,0,0,1
1304,Medio,1,1,1
1305,Bajo,1,1,1
1306,Alto,0,1,0
1307,Alto,1,1,0
1308,Alto,1,1,1
1309,Alto,1,1,1
1310,Bajo,1,1,0
1311,Medio,1,0,1
1312,Muy alto,0,0,0
1313,Alto,0,1,0
1314,Muy alto,0,1,1
1315,Medio,1,0,1
1316,Muy alto,0,0,1
1317,Medio,0,0,1
1318,Alto,0,0,0
1319,Alto,0,1,1
1320,Medio,0,1,0
1321,Medio,1,0,0
1322,Alto,0,0,0
1323,Alto,1,0,0
1324,Alto,0,0,0
1325,Bajo,0,1,0
1326,Medio,1,1,0
1327,Muy alto,1,0,0
1328,Medio,1,1,0
1329,Muy alto,0,0,0
1330,Medio,1,0,1
1331,Muy alto,1,0,0
1332,Bajo,1,1,0
1333,Bajo,1,1,1
1334,Muy alto,0,1,1
1335,Muy alto,0,0,0
1336,Bajo,1,1,0
1337,Bajo,1,1,1
1338,Muy alto,0,0,0
1339,Alto,0,0,0
1340,Bajo,0,1,1
1341,Alto,0,0,0
1342,Bajo,1,1,1
1343,Bajo,1,1,0
1344,Bajo,1,1,1
1345,Muy alto,1,0,1
1346,Muy alto,1,0,0
1347,Medio,1,1,0
1348,Bajo,1,1,0
1349,Bajo,1,1,1
1350,Alto,1,0,0
1351,Muy alto,0,0,0
1352,Medio,1,1,1
1353,Medio,1,1,1
1354,Muy alto,1,0,0
1355,Medio,1,1,1
1356,Alto,0,0,0
1357,Medio,0,1,1
1358,Medio,1,0,0
1359,Muy alto,0,0,0
1360,Medio,1,1,1
1361,Alto,0,0,0
1362,Medio,0,1,0
1363,Medio,1,1,1
1364,Bajo,0,1,1
1365,Alto,0,1,1
1366,Muy alto,0,0,1
1367,Medio,1,1,0
1368,Alto,1,0,0
1369,Muy alto,0,0,0
1370,Muy alto,0,0,0
1371,Muy alto,0,0,1
1372,Medio,0,1,1
1373,Medio,0,1,0
1374,Alto,0,1,0
1375,Bajo,0,1,1
1376,Medio,1,0,1
1377,Medio,1,0,1
1378,Alto,0,1,0
1379,Bajo,1,1,1
1380,Medio,0,1,0
1381,Muy alto,1,0,0
1382,Bajo,0,1,0
1383,Alto,0,0,0
1384,Bajo,1,1,1
1385,Bajo,0,1,1
1386,Alto,1,0,0
1387,Medio,1,0,0
1388,Bajo,1,1,0
1389,Medio,1,0,1
1390,Bajo,1,1,0
1391,Medio,1,1,0
1392,Bajo,1,1,1
1393,Muy alto,0,0,1
1394,Medio,0,0,0
1395,Medio,0,0,1
1396,Alto,1,0,1
1397,Medio,1,1,1
1398,Medio,1,0,0
1399,Bajo,1,1,1
1400,Medio,1,1,1
1401,Alto,0,1,1
1402,Muy alto,0,0,0
1403,Bajo,1,1,1
1404,Muy alto,0,0,0
1405,Muy alto,0,0,1
1406,Alto,1,0,1
1407,Muy alto,0,0,0
1408,Bajo,1,1,1
1409,Bajo,1,1,1
1410,Bajo,1,1,0
1411,Bajo,1,1,1
1412,Muy alto,0,0,0
1413,Bajo,1,1,1
1414,Muy alto,0,1,0
1415,Medio,1,1,0
1416,Bajo,1,1,0
1417,Muy alto,0,0,0
1418,Alto,0,0,1
1419,Bajo,1,1,1
1420,Alto,0,1,1
1421,Muy alto,0,0,1
1422,Medio,1,1,1
1423,Medio,1,1,0
1424,Bajo,1,1,0
1425,Bajo,1,1,1
1426,Bajo,1,1,1
1427,Medio,1,0,1
1428,Alto,1,0,1
1429,Medio,0,1,0
1430,Bajo,1,1,1
1431,Medio,0,1,1
1432,Muy alto,0,0,0
1433,Bajo,1,1,1
1434,Muy alto,0,0,1
1435,Bajo,1,0,0
1436,Muy alto,0,0,0
1437,Medio,1,0,1
1438,Alto,1,1,0
1439,Bajo,1,1,1
1440,Medio,0,0,0
1441,Bajo,1,1,0
1442,Medio,0,1,1
1443,Alto,0,0,0
1444,Alto,1,1,1
1445,Medio,1,0,0
1446,Medio,0,1,1
1447,Muy alto,0,0,0
1448,Medio,1,1,1
1449,Alto,0,0,1
1450,Medio,0,1,0
1451,Medio,0,1,0
1452,Medio,1,1,0
1453,Medio,1,0,1
1454,Alto,1,1,1
1455,Medio,1,0,0
1456,Muy alto,0,0,0
1457,Alto,0,0,0
1458,Bajo,1,1,0
1459,Alto,0,1,0
1460,Alto,0,0,0
1461,Bajo,1,1,1
1462,Alto,1,1,1
1463,Muy alto,0,0,0
1464,Medio,1,1,0
1465,Bajo,1,1,0
1466,Alto,1,1,0
1467,Alto,1,0,1
1468,Alto,0,0,0
1469,Medio,1,1,0
1470,Bajo,1,1,1
1471,Muy alto,0,0,0
1472,Muy alto,0,0,0
1473,Medio,1,0,0
1474,Muy alto,0,0,1
1475,Alto,0,0,0
1476,Medio,0,1,0
1477,Medio,1,1,0
1478,Bajo,0,1,1
1479,Muy alto,0,0,0
1480,Medio,1,1,0
1481,Alto,0,1,0
1482,Alto,1,0,1
1483,Alto,1,0,0
1484,Medio,1,0,0
1485,Bajo,1,1,1
1486,Bajo,1,1,0
1487,Bajo,1,1,1
1488,Alto,0,0,1
1489,Medio,0,0,0
1490,Alto,1,1,1
1491,Alto,1,0,1
1492,Alto,0,0,1
1493,Alto,1,0,0
1494,Alto,1,0,0
1495,Medio,1,1,1
1496,Muy alto,0,0,1
1497,Alto,1,1,0
1498,Alto,1,0,0
1499,Alto,0,0,1
1500,Bajo,1,1,0
1501,Muy alto,0,0,1
1502,Bajo,1,1,1
1503,Alto,1,0,0
1504,Bajo,0,1,1
1505,Medio,0,1,0
1506,Alto,0,1,0
1507,Muy alto,0,0,1
1508,Medio,0,0,0
1509,Muy alto,0,0,0
1510,Alto,1,0,1
1511,Medio,1,1,0
1512,Alto,1,0,1
1513,Muy alto,1,1,0
1514,Bajo,1,1,1
1515,Bajo,0,1,1
1516,Medio,1,1,1
1517,Bajo,1,1,0
1518,Alto,1,1,0
1519,Alto,0,0,0
1520,Muy alto,0,0,0
1521,Muy alto,1,0,0
1522,Bajo,1,1,1
1523,Medio,1,1,1
1524,Muy alto,0,1,0
1525,Medio,0,1,0
1526,Muy alto,1,0,0
1527,Bajo,1,1,0
1528,Muy alto,1,0,0
1529,Bajo,1,1,1
1530,Medio,0,0,0
1531,Alto,1,0,0
1532,Medio,1,0,0
1533,Alto,0,0,0
1534,Muy alto,0,0,1
1535,Alto,0,1,1
1536,Alto,0,1,0
1537,Alto,1,0,0
1538,Medio,0,0,0
1539,Muy alto,0,0,0
1540,Medio,0,1,1
1541,Medio,0,1,0
1542,Alto,1,1,0
1543,Medio,0,1,1
1544,Bajo,1,0,1
1545,Alto,0,1,0
1546,Muy alto,1,0,1
1547,Medio,1,1,1
1548,Medio,0,1,0
1549,Alto,1,1,0
1550,Medio,1,1,0
1551,Medio,1,1,0
1552,Alto,0,0,0
1553,Bajo,1,1,1
1554,Medio,1,0,1
1555,Bajo,1,1,1
1556,Alto,0,1,1
1557,Medio,1,1,0
1558,Muy alto,0,0,0
1559,Muy alto,0,0,1
1560,Alto,0,1,1
1561,Muy alto,0,0,0
1562,Alto,0,1,1
1563,Medio,0,1,1
1564,Bajo,1,1,1
1565,Muy alto,1,0,0
1566,Alto,1,0,1
1567,Medio,1,0,1
1568,Alto,0,0,0
1569,Medio,1,1,0
1570,Bajo,1,1,1
1571,Alto,0,1,0
1572,Alto,0,1,1
1573,Alto,0,1,1
1574,Alto,0,0,0
1575,Muy alto,0,0,1
1576,Muy alto,1,0,1
1577,Medio,1,1,1
1578,Bajo,1,1,1
1579,Bajo,1,1,1
1580,Bajo,1,1,1
1581,Bajo,1,0,1
1582,Medio,1,1,1
1583,Alto,0,1,0
1584,Medio,1,1,1
1585,Muy alto,0,1,1
1586,Muy alto,1,0,0
1587,Bajo,1,1,1
1588,Medio,1,1,1
1589,Muy alto,1,0,1
1590,Bajo,1,1,1
1591,Alto,0,0,1
1592,Medio,1,1,0
1593,Alto,1,0,0
1594,Muy alto,0,0,0
1595,Bajo,1,0,1
1596,Muy alto,0,0,1
1597,Bajo,1,1,1
1598,Alto,0,0,1
1599,Bajo,1,1,1
1600,Muy alto,1,0,0
1601,Alto,1,1,1
1602,Alto,0,0,0
1603,Medio,0,0,1
1604,Medio,1,1,0
1605,Medio,1,1,1
1606,Medio,1,0,0
1607,Medio,1,1,1
1608,Alto,1,0,0
1609,Muy alto,0,0,0
1610,Muy alto,0,1,0
1611,Alto,1,1,0
1612,Muy alto,0,0,0
1613,Alto,0,0,1
1614,Alto,1,0,1
1615,Medio,1,0,1
1616,Bajo,1,1,1
1617,Bajo,1,1,1
1618,Medio,1,1,1
1619,Alto,1,0,0
1620,Bajo,1,1,1
1621,Alto,1,0,0
1622,Bajo,1,0,1
1623,Medio,0,1,0
1624,Alto,1,0,0
1625,Alto,0,0,0
1626,Alto,0,0,0
1627,Medio,1,1,1
1628,Muy alto,0,0,0
1629,Bajo,0,1,1
1630,Muy alto,0,0,0
1631,Muy alto,1,0,0
1632,Bajo,1,1,1
1633,Medio,1,0,1
1634,Muy alto,0,0,0
1635,Alto,0,0,1
1636,Medio,1,1,1
1637,Alto,0,0,0
1638,Medio,1,1,0
1639,Medio,1,1,1
1640,Medio,1,0,1
1641,Alto,0,0,0
1642,Bajo,1,1,0
1643,Bajo,1,0,1
1644,Muy alto,0,0,0
1645,Bajo,1,1,1
1646,Medio,1,1,1
1647,Bajo,1,1,1
1648,Alto,1,0,1
1649,Muy alto,1,0,0
1650,Bajo,1,1,0
1651,Alto,1,0,0
1652,Alto,0,1,1
1653,Muy alto,0,0,0
1654,Bajo,1,1,1
1655,Alto,0,0,0
1656,Alto,0,0,0
1657,Medio,1,1,1
1658,Muy alto,0,0,0
1659,Bajo,1,1,1
1660,Bajo,1,1,1
1661,Muy alto,0,0,0
1662,Medio,1,1,1
1663,Muy alto,0,0,0
1664,Muy alto,0,0,0
1665,Muy alto,1,1,0
1666,Alto,1,0,1
1667,Alto,0,0,1
1668,Medio,1,1,1
1669,Alto,0,0,0
1670,Muy alto,1,1,0
1671,Bajo,1,1,1
1672,Bajo,1,1,1
1673,Bajo,1,0,1
1674,Bajo,1,1,1
1675,Alto,0,0,0
1676,Muy alto,0,1,0
1677,Alto,1,0,1
1678,Medio,0,1,0
1679,Alto,1,1,1
1680,Bajo,1,1,0
1681,Muy alto,0,0,0
1682,Medio,0,1,0
1683,Alto,1,0,0
1684,Muy alto,0,0,1
1685,Alto,0,0,0
1686,Medio,1,1,1
1687,Medio,1,1,0
1688,Alto,0,1,1
1689,Muy alto,0,0,0
1690,Bajo,1,1,1
1691,Medio,0,0,0
1692,Alto,0,1,1
1693,Alto,1,1,1
1694,Muy alto,1,1,0
1695,Muy alto,0,0,0
1696,Alto,0,1,1
1697,Muy alto,0,0,0
1698,Bajo,1,1,1
1699,Alto,1,0,1
1700,Medio,1,1,0
1701,Medio,0,1,1
1702,Bajo,1,1,1
1703,Medio,1,1,0
1704,Medio,1,1,0
1705,Medio,1,0,0
1706,Alto,1,1,0
1707,Medio,1,0,1
1708,Muy alto,0,0,0
1709,Medio,0,1,1
1710,Alto,0,1,0
1711,Medio,1,1,1
1712,Medio,1,1,0
1713,Muy alto,1,0,0
1714,Medio,1,1,0
1715,Bajo,0,1,1
1716,Alto,1,1,1
1717,Medio,1,0,1
1718,Bajo,1,1,0
1719,Alto,1,1,0
1720,Medio,1,1,1
1721,Bajo,1,1,1
1722,Bajo,1,1,1
1723,Bajo,1,1,1
1724,Alto,0,1,0
1725,Medio,1,1,1
1726,Alto,1,0,0
1727,Muy alto,1,0,0
1728,Medio,0,1,0
1729,Alto,0,1,1
1730,Alto,1,0,1
1731,Alto,0,1,0
1732,Alto,0,0,0
1733,Muy alto,0,0,1
1734,Bajo,1,1,1
1735,Alto,0,0,0
1736,Alto,0,1,1
1737,Alto,0,1,0
1738,Medio,0,0,0
1739,Bajo,1,1,1
1740,Medio,0,0,1
1741,Muy alto,1,0,0
1742,Bajo,1,1,1
1743,Alto,1,0,0
1744,Muy alto,0,0,0
1745,Muy alto,1,0,0
1746,Bajo,1,1,1
1747,Bajo,0,1,0
1748,Muy alto,1,0,0
1749,Alto,0,1,0
1750,Alto,0,0,0
1751,Medio,1,0,1
1752,Bajo,1,1,1
1753,Alto,0,1,1
1754,Medio,1,1,0
1755,Medio,1,0,0
1756,Alto,0,1,1
1757,Medio,1,1,1
1758,Medio,0,0,0
1759,Bajo,1,0,1
1760,Medio,1,0,0
1761,Muy alto,1,0,1
1762,Bajo,1,1,0
1763,Bajo,1,1,1
1764,Muy alto,0,0,0
1765,Bajo,1,1,1
1766,Medio,1,1,0
1767,Medio,0,0,0
1768,Bajo,1,1,1
1769,Muy alto,0,0,1
1770,Muy alto,0,0,0
1771,Alto,0,0,1
1772,Alto,0,0,1
1773,Medio,1,1,1
1774,Bajo,1,1,1
1775,Alto,0,0,0
1776,Medio,0,1,0
1777,Medio,1,1,1
1778,Medio,0,1,1
1779,Alto,0,1,1
1780,Alto,0,1,0
1781,Muy alto,0,0,0
1782,Muy alto,1,0,0
1783,Medio,1,1,0
1784,Muy alto,0,0,0
1785,Muy alto,0,0,0
1786,Medio,1,0,1
1787,Bajo,1,1,1
1788,Alto,0,1,0
1789,Muy alto,0,0,0
1790,Medio,0,0,1
1791,Muy alto,1,0,0
1792,Bajo,1,1,1
1793,Medio,1,1,1
1794,Alto,0,1,0
1795,Alto,0,1,1
1796,Alto,0,0,1
1797,Bajo,1,1,1
1798,Medio,1,1,1
1799,Bajo,1,1,1
1800,Medio,1,1,0
1801,Alto,1,0,1
1802,Medio,0,1,1
1803,Medio,1,0,1
1804,Medio,1,1,1
1805,Alto,1,0,0
1806,Bajo,1,1,1
1807,Bajo,1,1,1
1808,Alto,1,1,0
1809,Medio,1,1,0
1810,Medio,0,0,1
1811,Muy alto,0,0,1
1812,Muy alto,0,0,0
1813,Medio,1,1,0
1814,Bajo,1,1,1
1815,Alto,0,0,1
1816,Medio,1,0,1
1817,Bajo,1,1,0
1818,Alto,1,1,0
1819,Medio,0,1,0
1820,Medio,1,0,0
1821,Medio,1,0,0
1822,Alto,0,0,1
1823,Medio,1,1,0
1824,Alto,0,0,0
1825,Bajo,1,1,1
1826,Medio,1,0,1
1827,Bajo,1,0,1
1828,Medio,0,1,1
1829,Alto,0,1,0
1830,Bajo,1,1,0
1831,Muy alto,0,0,1
1832,Medio,1,1,0
1833,Medio,0,1,1
1834,Alto,0,1,1
1835,Alto,0,1,1
1836,Bajo,1,1,1
1837,Bajo,1,1,1
1838,Medio,0,0,0
1839,Medio,0,1,1
1840,Bajo,1,1,1
1841,Muy alto,0,0,1
1842,Medio,1,0,0
1843,Medio,0,0,1
1844,Alto,1,1,1
1845,Medio,1,1,1
1846,Alto,1,1,0
1847,Bajo,1,1,0
1848,Muy alto,0,0,0
1849,Muy alto,0,0,1
1850,Muy alto,1,0,1
1851,Muy alto,0,0,0
1852,Alto,1,0,1
1853,Medio,0,1,1
1854,Bajo,1,1,1
1855,Muy alto,0,1,1
1856,Muy alto,0,0,0
1857,Bajo,1,1,1
1858,Muy alto,0,0,1
1859,Medio,0,1,1
1860,Medio,0,1,0
1861,Medio,1,0,1
1862,Bajo,0,1,1
1863,Muy alto,0,0,0
1864,Bajo,1,1,1
1865,Muy alto,0,0,0
1866,Alto,1,1,1
1867,Alto,0,0,1
1868,Muy alto,1,0,0
1869,Medio,1,1,1
1870,Bajo,1,1,1
1871,Alto,0,0,1
1872,Medio,1,1,1
1873,Bajo,0,1,0
1874,Medio,1,1,1
1875,Muy alto,0,0,1
1876,Bajo,1,0,1
1877,Bajo,1,1,1
1878,Bajo,1,1,0
1879,Bajo,1,1,1
1880,Muy alto,0,1,1
1881,Alto,0,0,1
1882,Medio,1,1,0
1883,Alto,1,1,1
1884,Bajo,1,1,0
1885,Medio,0,1,1
1886,Bajo,1,1,0
1887,Muy alto,0,0,0
1888,Alto,0,1,0
1889,Bajo,1,1,1
1890,Medio,0,0,0
1891,Medio,1,0,1
1892,Medio,0,1,0
1893,Medio,1,1,0
1894,Medio,1,0,0
1895,Medio,0,1,1
1896,Bajo,1,1,1
1897,Muy alto,0,0,0
1898,Bajo,1,1,1
1899,Medio,1,1,0
1900,Alto,0,0,1
1901,Bajo,1,0,1
1902,Bajo,1,1,1
1903,Muy alto,0,0,0
1904,Bajo,1,1,0
1905,Medio,1,0,0
1906,Muy alto,1,0,0
1907,Alto,0,0,1
1908,Alto,0,0,1
1909,Muy alto,0,0,1
1910,Medio,1,0,1
1911,Muy alto,0,1,0
1912,Alto,0,0,1
1913,Medio,1,1,1
1914,Medio,1,1,1
1915,Medio,1,1,0
1916,Alto,0,0,0
1917,Muy alto,1,1,0
1918,Medio,0,1,1
1919,Muy alto,0,0,0
1920,Muy alto,0,0,0
1921,Bajo,1,1,1
1922,Alto,1,1,1
1923,Bajo,1,1,1
1924,Medio,1,1,0
1925,Bajo,1,0,1
1926,Medio,1,1,1
1927,Medio,0,1,1
1928,Alto,1,0,0
1929,Medio,1,1,0
1930,Alto,0,1,1
1931,Muy alto,0,1,0
1932,Bajo,1,1,1
1933,Alto,0,0,0
1934,Medio,1,1,1
1935,Medio,1,1,0
1936,Bajo,1,1,1
1937,Muy alto,0,0,0
1938,Medio,1,1,0
1939,Alto,1,1,0
1940,Alto,0,0,0
1941,Bajo,1,0,0
1942,Medio,0,1,0
1943,Alto,0,1,1
1944,Bajo,1,1,0
1945,Bajo,1,1,1
1946,Muy alto,0,0,0
1947,Medio,1,1,1
1948,Muy alto,0,0,0
1949,Muy alto,0,0,0
1950,Alto,1,1,1
1951,Medio,1,0,0
1952,Alto,0,0,1
1953,Medio,0,1,0
1954,Muy alto,1,0,0
1955,Muy alto,1,0,1
1956,Alto,0,0,0
1957,Medio,1,1,1
1958,Medio,1,1,1
1959,Muy alto,0,0,0
1960,Bajo,1,1,0
1961,Medio,0,0,1
1962,Muy alto,0,0,1
1963,Alto,1,0,0
1964,Muy alto,0,1,0
1965,Bajo,1,1,0
1966,Muy alto,0,0,0
1967,Alto,0,0,1
1968,Alto,0,0,0
1969,Muy alto,0,0,0
1970,Medio,1,1,0
1971,Bajo,1,1,1
1972,Medio,1,0,0
1973,Bajo,1,0,0
1974,Medio,1,1,0
1975,Alto,1,1,1
1976,Bajo,1,1,1
1977,Muy alto,0,0,0
1978,Muy alto,1,0,1
1979,Medio,0,1,1
1980,Bajo,1,1,1
1981,Bajo,0,1,1
1982,Muy alto,1,0,0
1983,Muy alto,0,0,0
1984,Medio,1,1,0
1985,Medio,1,1,1
1986,Alto,0,0,0
1987,Bajo,1,1,1
1988,Bajo,1,1,0
1989,Alto,1,0,0
1990,Alto,1,0,1
1991,Bajo,0,1,0
1992,Alto,1,0,0
1993,Alto,1,0,0
1994,Muy alto,1,1,0
1995,Muy alto,0,0,0
1996,Bajo,0,1,1
1997,Bajo,1,1,1
1998,Bajo,1,1,1
1999,Alto,1,0,0
2000,Bajo,1,0,1
2001,Muy alto,0,0,0
2002,Bajo,1,1,1
2003,Bajo,0,1,1
2004,Medio,0,1,1
2005,Alto,0,0,1
2006,Bajo,1,1,1
2007,Medio,1,1,1
2008,Muy alto,0,0,1
2009,Medio,1,1,0
2010,Medio,0,1,1
2011,Bajo,1,1,0
2012,Muy alto,0,0,0
2013,Medio,0,0,0
2014,Medio,1,1,0
2015,Alto,0,1,1
2016,Medio,1,1,1
2017,Muy alto,1,0,1
2018,Muy alto,1,1,0
2019,Bajo,1,1,1
2020,Bajo,1,1,0
2021,Muy alto,0,0,0
2022,Alto,0,0,0
2023,Muy alto,1,1,0
2024,Muy alto,0,0,0
2025,Alto,0,0,0
2026,Bajo,1,1,1
2027,Alto,0,1,0
2028,Bajo,1,1,0
2029,Medio,0,1,0
2030,Medio,1,0,0
2031,Medio,1,0,1
2032,Bajo,1,1,1
2033,Alto,1,1,1
2034,Muy alto,1,0,0
2035,Alto,0,0,0
2036,Bajo,0,0,1
2037,Alto,1,0,0
2038,Muy alto,0,1,0
2039,Bajo,1,1,1
2040,Muy alto,0,0,1
2041,Medio,1,1,0
2042,Bajo,0,1,1
2043,Muy alto,1,0,0
2044,Alto,0,1,0
2045,Alto,0,1,0
2046,Medio,1,1,1
2047,Bajo,1,1,0
2048,Medio,1,1,1
2049,Medio,1,1,1
2050,Alto,0,0,0
2051,Alto,0,0,0
2052,Medio,0,0,0
2053,Muy alto,1,0,0
2054,Alto,0,1,0
2055,Medio,1,1,1
2056,Medio,1,1,1
2057,Bajo,1,0,0
2058,Bajo,1,0,0
2059,Muy alto,0,0,0
2060,Medio,1,0,0
2061,Medio,1,1,1
2062,Medio,0,0,1
2063,Bajo,1,1,0
2064,Medio,1,1,1
2065,Alto,0,0,0
2066,Muy alto,0,1,0
2067,Muy alto,0,1,0
2068,Bajo,1,1,0
2069,Medio,1,0,0
2070,Bajo,1,1,0
2071,Alto,0,1,1
2072,Medio,1,0,1
2073,Medio,1,0,1
2074,Medio,0,1,0
2075,Muy alto,0,0,1
2076,Bajo,1,1,1
2077,Medio,1,1,0
2078,Medio,1,0,1
2079,Muy alto,0,0,1
2080,Alto,0,0,0
2081,Bajo,1,1,1
2082,Alto,0,0,1
2083,Medio,1,1,1
2084,Bajo,1,1,0
2085,Bajo,1,1,0
2086,Alto,0,0,0
2087,Bajo,1,0,1
2088,Muy alto,0,1,1
2089,Alto,0,0,1
2090,Bajo,0,1,1
2091,Bajo,1,1,1
2092,Medio,1,1,1
2093,Medio,1,1,1
2094,Alto,1,1,1
2095,Muy alto,1,0,0
2096,Alto,0,0,1
2097,Alto,1,1,0
2098,Alto,0,0,0
2099,Alto,0,0,0
2100,Medio,1,1,0
2101,Medio,1,0,0
2102,Bajo,0,1,0
2103,Alto,0,1,1
2104,Alto,0,0,1
2105,Muy alto,0,0,0
2106,Medio,0,1,1
2107,Bajo,1,1,1
2108,Bajo,0,0,1
2109,Muy alto,0,1,1
2110,Medio,1,0,0
2111,Medio,1,1,1
2112,Alto,1,0,0
2113,Bajo,1,1,0
2114,Medio,1,0,0
2115,Bajo,1,1,0
2116,Medio,1,0,1
2117,Medio,1,1,1
2118,Alto,0,1,0
2119,Medio,0,0,1
2120,Muy alto,0,0,0
2121,Bajo,1,1,0
2122,Medio,1,0,0
2123,Alto,1,0,0
2124,Medio,0,1,1
2125,Bajo,1,1,1
2126,Muy alto,0,0,0
2127,Medio,1,1,1
2128,Alto,1,0,0
2129,Alto,1,0,0
2130,Bajo,1,1,1
2131,Medio,1,1,1
2132,Muy alto,0,0,0
2133,Alto,1,0,0
2134,Alto,0,0,1
2135,Bajo,1,1,0
2136,Muy alto,0,0,1
2137,Medio,1,0,1
2138,Medio,1,0,0
2139,Alto,0,0,1
2140,Bajo,1,1,0
2141,Alto,0,1,0
2142,Medio,1,0,1
2143,Medio,1,0,1
2144,Bajo,1,1,1
2145,Bajo,1,1,0
2146,Muy alto,0,1,1
2147,Medio,1,0,0
2148,Medio,1,0,0
2149,Medio,1,0,0
2150,Bajo,1,1,1
2151,Alto,1,0,1
2152,Alto,0,0,1
2153,Alto,1,1,0
2154,Muy alto,0,0,0
2155,Bajo,0,1,1
2156,Bajo,0,1,0
2157,Medio,1,1,0
2158,Medio,0,1,0
2159,Medio,1,0,1
2160,Muy alto,0,0,0
2161,Medio,0,1,1
2162,Alto,0,0,1
2163,Medio,1,1,1
2164,Alto,1,0,0
2165,Medio,1,0,0
2166,Muy alto,1,0,1
2167,Muy alto,0,0,0
2168,Muy alto,0,0,1
2169,Muy alto,1,1,0
2170,Muy alto,0,0,0
2171,Muy alto,0,0,0
2172,Bajo,1,1,1
2173,Bajo,1,1,0
2174,Alto,0,0,0
2175,Alto,0,0,0
2176,Bajo,0,1,1
2177,Medio,0,1,0
2178,Bajo,1,1,1
2179,Medio,0,1,1
2180,Medio,1,1,1
2181,Medio,1,1,1
2182,Medio,0,1,1
2183,Bajo,1,1,0
2184,Bajo,1,1,1
2185,Medio,1,1,1
2186,Muy alto,0,0,0
2187,Muy alto,0,0,0
2188,Muy alto,0,0,0
2189,Bajo,1,1,1
2190,Bajo,1,1,1
2191,Alto,1,1,0
2192,Muy alto,1,0,0
2193,Medio,0,1,1
2194,Medio,1,1,1
2195,Alto,0,0,0
2196,Muy alto,0,0,0
2197,Bajo,1,1,1
2198,Medio,1,1,1
2199,Bajo,1,1,1
2200,Medio,0,1,0
2201,Medio,0,1,0
2202,Muy alto,0,1,0
2203,Muy alto,0,1,0
2204,Muy alto,1,0,0
2205,Bajo,0,0,1
2206,Bajo,1,1,0
2207,Muy alto,0,0,0
2208,Bajo,1,1,0
2209,Alto,1,1,0
2210,Medio,0,1,1
2211,Bajo,1,1,1
2212,Medio,0,1,1
2213,Alto,0,0,1
2214,Medio,0,0,0
2215,Bajo,1,1,1
2216,Bajo,1,1,1
2217,Muy alto,0,0,1
2218,Bajo,1,1,1
2219,Muy alto,0,0,0
2220,Muy alto,1,1,0
2221,Medio,0,0,0
2222,Alto,0,1,0
2223,Medio,0,0,0
2224,Medio,1,1,1
2225,Muy alto,0,0,0
2226,Alto,0,0,0
2227,Alto,1,1,1
2228,Medio,1,1,0
2229,Alto,0,0,0
2230,Medio,1,1,0
2231,Muy alto,0,0,0
2232,Alto,1,0,1
2233,Alto,0,0,0
2234,Medio,0,1,1
2235,Bajo,1,1,1
2236,Muy alto,0,0,1
2237,Muy alto,0,0,0
2238,Alto,0,1,1
2239,Alto,1,0,0
2240,Medio,1,1,1
2241,Alto,0,1,0
2242,Medio,1,1,1
2243,Medio,1,1,1
2244,Bajo,1,1,1
2245,Alto,1,1,1
2246,Medio,1,1,0
2247,Medio,1,1,1
2248,Bajo,1,0,1
2249,Alto,0,1,0
2250,Alto,0,0,0
2251,Medio,0,1,1
2252,Bajo,1,1,0
2253,Alto,0,0,0
2254,Medio,1,1,1
2255,Medio,1,1,0
2256,Muy alto,1,0,0
2257,Bajo,1,0,0
2258,Alto,0,0,0
2259,Medio,1,1,1
2260,Medio,1,1,0
2261,Medio,0,0,1
2262,Muy alto,1,0,0
2263,Muy alto,0,0,0
2264,Medio,1,1,0
2265,Bajo,1,1,1
2266,Medio,0,0,0
2267,Bajo,0,1,1
2268,Medio,0,1,1
2269,Bajo,1,0,1
2270,Medio,0,0,1
2271,Medio,1,0,1
2272,Bajo,1,1,1
2273,Medio,1,0,0
2274,Alto,0,0,0
2275,Bajo,1,1,1
2276,Muy alto,0,0,0
2277,Alto,1,0,1
2278,Muy alto,0,1,1
2279,Bajo,1,1,1
2280,Bajo,1,1,0
2281,Medio,1,0,0
2282,Alto,1,1,0
2283,Alto,0,0,1
2284,Alto,1,0,1
2285,Medio,1,0,0
2286,Alto,1,1,1
2287,Medio,1,1,0
2288,Medio,0,1,0
2289,Alto,0,0,1
2290,Muy alto,0,0,1
2291,Muy alto,0,0,1
2292,Medio,1,1,0
2293,Bajo,0,1,0
2294,Bajo,1,1,1
2295,Medio,0,1,0
2296,Alto,0,0,0
2297,Bajo,1,1,1
2298,Alto,0,0,0
2299,Muy alto,0,0,0
2300,Bajo,1,1,1
2301,Medio,1,0,1
2302,Medio,0,1,0
2303,Alto,0,0,0
2304,Muy alto,0,1,0
2305,Alto,0,0,1
2306,Muy alto,1,1,0
2307,Bajo,1,1,0
2308,Bajo,0,0,0
2309,Alto,0,0,0
2310,Muy alto,0,0,0
2311,Muy alto,0,0,1
2312,Alto,1,0,1
2313,Medio,1,0,0
2314,Alto,0,1,1
2315,Bajo,1,1,0
2316,Bajo,1,1,1
2317,Muy alto,0,1,0
2318,Medio,0,1,0
2319,Alto,1,0,1
2320,Muy alto,0,0,1
2321,Muy alto,0,1,0
2322,Alto,0,1,1
2323,Medio,1,0,1
2324,Bajo,1,1,1
2325,Alto,1,1,0
2326,Bajo,1,1,1
2327,Medio,0,1,1
2328,Muy alto,1,0,1
2329,Muy alto,0,0,0
2330,Alto,0,0,1
2331,Medio,1,0,1
2332,Bajo,0,0,0
2333,Muy alto,0,0,0
2334,Muy alto,0,0,0
2335,Alto,0,0,0
2336,Muy alto,0,0,0
2337,Muy alto,0,0,1
2338,Medio,1,1,1
2339,Alto,1,1,0
2340,Medio,1,1,1
2341,Alto,0,0,1
2342,Alto,1,0,0
2343,Alto,0,0,0
2344,Alto,0,0,0
2345,Bajo,1,0,1
2346,Bajo,1,1,1
2347,Medio,1,1,1
2348,Muy alto,0,1,0
2349,Muy alto,1,0,0
2350,Muy alto,0,0,0
2351,Muy alto,1,0,0
2352,Alto,0,0,1
2353,Muy alto,0,0,1
2354,Bajo,1,1,0
2355,Medio,0,0,0
2356,Medio,1,1,1
2357,Bajo,0,1,1
2358,Medio,1,1,0
2359,Bajo,1,1,0
2360,Alto,0,0,1
2361,Medio,0,1,0
2362,Alto,0,0,0
2363,Alto,0,0,0
2364,Alto,0,1,0
2365,Muy alto,0,0,1
2366,Bajo,1,1,0
2367,Muy alto,1,0,0
2368,Alto,0,0,1
2369,Bajo,1,1,0
2370,Bajo,1,1,0
2371,Bajo,1,1,1
2372,Medio,1,1,0
2373,Bajo,1,1,1
2374,Medio,1,1,0
2375,Muy alto,0,0,0
2376,Bajo,1,1,1
2377,Medio,0,1,1
2378,Medio,1,1,1
2379,Medio,1,1,1
2380,Muy alto,0,1,0
2381,Alto,0,0,1
2382,Medio,1,1,1
2383,Medio,1,1,0
2384,Muy alto,0,0,0
2385,Bajo,1,1,1
2386,Medio,0,0,1
2387,Muy alto,0,0,0
2388,Medio,1,0,0
2389,Bajo,1,1,1
2390,Muy alto,0,0,1
2391,Medio,0,1,1
2392,Bajo,1,1,0
2393,Bajo,1,1,1
2394,Bajo,1,1,1
2395,Alto,0,0,0
2396,Alto,1,0,1
2397,Medio,0,0,0
2398,Muy alto,0,0,0
2399,Alto,0,1,1
2400,Alto,0,0,0
2401,Medio,0,1,0
2402,Bajo,1,1,1
2403,Bajo,1,0,1
2404,Muy alto,0,0,0
2405,Bajo,0,1,0
2406,Medio,1,1,1
2407,Bajo,1,0,1
2408,Medio,1,0,0
2409,Bajo,1,1,1
2410,Muy alto,0,0,1
2411,Muy alto,0,0,0
2412,Muy alto,0,0,0
2413,Alto,0,0,1
2414,Medio,1,1,0
2415,Alto,1,0,1
2416,Medio,1,0,0
2417,Alto,0,1,0
2418,Alto,1,0,0
2419,Muy alto,0,0,0
2420,Medio,1,1,0
2421,Alto,1,0,1
2422,Medio,1,1,1
2423,Bajo,1,1,1
2424,Bajo,1,1,0
2425,Alto,0,0,0
2426,Medio,1,0,1
2427,Bajo,1,1,1
2428,Medio,0,0,0
2429,Alto,1,0,0
2430,Medio,1,0,0
2431,Alto,0,1,0
2432,Muy alto,0,0,1
2433,Alto,0,0,0
2434,Alto,1,1,1
2435,Alto,0,0,1
2436,Bajo,1,1,1
2437,Bajo,1,1,1
2438,Medio,0,1,1
2439,Muy alto,0,0,0
2440,Bajo,1,1,1
2441,Alto,0,0,0
2442,Medio,1,1,0
2443,Alto,1,0,1
2444,Bajo,0,1,1
2445,Alto,0,1,1
2446,Alto,0,0,1
2447,Medio,1,0,1
2448,Bajo,1,1,1
2449,Alto,0,0,0
2450,Bajo,1,1,1
2451,Alto,1,0,0
2452,Alto,0,1,0
2453,Bajo,1,1,1
2454,Alto,0,0,0
2455,Alto,0,1,0
2456,Muy alto,0,1,0
2457,Medio,1,1,1
2458,Medio,0,1,0
2459,Muy alto,0,0,0
2460,Alto,0,0,1
2461,Bajo,1,1,1
2462,Medio,1,0,1
2463,Muy alto,0,0,0
2464,Alto,0,1,0
2465,Medio,0,0,1
2466,Alto,0,1,0
2467,Bajo,0,1,1
2468,Bajo,1,1,1
2469,Medio,1,0,1
2470,Bajo,0,1,1
2471,Medio,1,1,0
2472,Alto,1,0,0
2473,Alto,0,1,1
2474,Medio,1,1,0
2475,Bajo,1,1,0
2476,Alto,1,0,1
2477,Bajo,1,1,1
2478,Medio,1,1,0
2479,Bajo,0,1,1
2480,Alto,0,0,0
2481,Muy alto,1,0,0
2482,Medio,1,1,1
2483,Bajo,1,1,1
2484,Muy alto,0,0,0
2485,Medio,0,0,0
2486,Medio,1,1,1
2487,Alto,1,0,0
2488,Muy alto,1,0,0
2489,Muy alto,0,0,0
2490,Alto,1,0,1
2491,Medio,1,1,0
2492,Bajo,1,1,1
2493,Alto,0,0,0
2494,Medio,1,1,0
2495,Bajo,1,1,0
2496,Medio,1,1,0
2497,Bajo,1,1,1
2498,Medio,1,1,1
2499,Medio,1,1,1
2500,Muy alto,0,0,0
2501,Medio,1,1,0
2502,Alto,1,0,1
2503,Alto,0,0,1
2504,Muy alto,0,0,0
2505,Medio,1,0,0
2506,Medio,0,1,0
2507,Bajo,1,0,1
2508,Muy alto,0,0,0
2509,Alto,0,1,1
2510,Medio,1,0,1
2511,Bajo,1,1,1
2512,Alto,0,0,1
2513,Medio,0,1,1
2514,Muy alto,0,0,0
2515,Alto,0,0,0
2516,Bajo,1,1,1
2517,Medio,0,1,0
2518,Bajo,1,1,1
2519,Alto,0,1,0
2520,Alto,1,0,1
2521,Muy alto,0,1,0
2522,Muy alto,0,0,0
2523,Muy alto,0,0,0
2524,Medio,1,1,0
2525,Muy alto,0,0,1
2526,Bajo,1,0,1
2527,Bajo,1,1,1
2528,Medio,1,1,1
2529,Muy alto,0,0,1
2530,Bajo,1,1,1
2531,Bajo,1,1,1
2532,Muy alto,0,0,0
2533,Alto,0,0,1
2534,Alto,0,0,0
2535,Medio,0,0,1
2536,Muy alto,0,0,0
2537,Muy alto,0,0,0
2538,Muy alto,0,0,0
2539,Muy alto,0,0,0
2540,Medio,1,1,0
2541,Medio,0,1,1
2542,Medio,1,1,1
2543,Muy alto,0,1,0
2544,Alto,0,0,0
2545,Bajo,1,1,1
2546,Bajo,1,1,1
2547,Medio,0,1,1
2548,Alto,0,0,0
2549,Bajo,1,1,1
2550,Medio,1,1,1
2551,Muy alto,0,0,1
2552,Medio,1,1,0
2553,Bajo,1,1,0
2554,Alto,1,0,1
2555,Medio,0,1,1
2556,Muy alto,0,1,1
2557,Alto,1,0,0
2558,Bajo,1,1,1
2559,Alto,1,1,0
2560,Bajo,1,0,0
2561,Bajo,1,1,1
2562,Medio,1,1,0
2563,Muy alto,0,1,0
2564,Muy alto,1,1,0
2565,Medio,1,0,1
2566,Alto,1,1,0
2567,Bajo,1,1,0
2568,Muy alto,0,0,1
2569,Muy alto,1,0,0
2570,Muy alto,0,1,0
2571,Medio,1,1,1
2572,Alto,1,0,0
2573,Bajo,1,1,1
2574,Alto,0,0,0
2575,Alto,1,1,1
2576,Alto,0,0,0
2577,Alto,1,1,0
2578,Alto,0,1,0
2579,Alto,1,0,0
2580,Alto,1,0,0
2581,Alto,0,0,0
2582,Bajo,1,0,1
2583,Bajo,1,1,1
2584,Medio,1,1,0
2585,Muy alto,0,0,0
2586,Muy alto,1,0,0
2587,Muy alto,0,0,0
2588,Muy alto,0,0,1
2589,Medio,1,1,1
2590,Medio,1,0,1
2591,Bajo,1,1,1
2592,Alto,1,1,0
2593,Alto,0,0,1
2594,Medio,1,0,1
2595,Bajo,1,1,1
2596,Alto,0,1,0
2597,Alto,0,1,1
2598,Alto,1,0,1
2599,Alto,1,1,0
2600,Medio,0,1,0
2601,Muy alto,0,0,1
2602,Alto,1,0,1
2603,Bajo,1,1,1
2604,Muy alto,0,0,0
2605,Medio,1,1,1
2606,Medio,0,1,0
2607,Bajo,1,1,1
2608,Medio,0,1,0
2609,Alto,1,1,0
2610,Bajo,1,1,1
2611,Medio,1,1,0
2612,Bajo,1,1,0
2613,Muy alto,0,0,1
2614,Medio,0,0,0
2615,Medio,1,0,1
2616,Muy alto,0,0,0
2617,Medio,1,1,0
2618,Muy alto,0,1,0
2619,Medio,0,0,0
2620,Medio,0,1,1
2621,Bajo,0,1,1
2622,Bajo,1,0,0
2623,Muy alto,0,0,0
2624,Medio,0,0,0
2625,Muy alto,0,0,1
2626,Alto,0,0,0
2627,Bajo,1,1,1
2628,Alto,0,0,0
2629,Alto,1,0,1
2630,Alto,1,0,1
2631,Medio,0,1,1
2632,Alto,0,0,1
2633,Muy alto,0,0,0
2634,Bajo,1,1,1
2635,Muy alto,0,0,0
2636,Muy alto,0,0,0
2637,Muy alto,0,0,0
2638,Alto,0,0,0
2639,Bajo,1,1,1
2640,Medio,1,1,0
2641,Medio,1,0,0
2642,Alto,1,0,1
2643,Alto,1,0,1
2644,Bajo,1,1,1
2645,Medio,1,1,1
2646,Muy alto,0,0,0
2647,Bajo,0,1,0
2648,Muy alto,1,1,0
2649,Bajo,1,1,0
2650,Bajo,0,1,1
2651,Bajo,1,1,1
2652,Alto,0,0,1
2653,Medio,1,1,1
2654,Bajo,1,1,1
2655,Alto,0,1,1
2656,Medio,0,1,1
2657,Medio,0,1,0
2658,Muy alto,1,1,0
2659,Medio,0,1,1
2660,Medio,0,1,1
2661,Muy alto,0,0,0
2662,Medio,1,1,0
2663,Bajo,1,1,1
2664,Bajo,1,1,0
2665,Alto,1,0,1
2666,Alto,0,1,0
2667,Bajo,1,1,1
2668,Muy alto,0,0,1
2669,Medio,0,1,1
2670,Alto,1,0,0
2671,Medio,0,0,1
2672,Alto,0,1,1
2673,Alto,1,0,0
2674,Medio,1,0,1
2675,Bajo,1,1,0
2676,Medio,1,1,1
2677,Medio,0,0,1
2678,Alto,0,1,0
2679,Muy alto,0,0,1
2680,Alto,0,0,1
2681,Alto,1,0,1
2682,Muy alto,0,1,0
2683,Alto,0,1,0
2684,Alto,0,1,0
2685,Bajo,1,1,1
2686,Bajo,1,1,1
2687,Bajo,1,1,1
2688,Medio,1,1,0
2689,Medio,1,1,1
2690,Medio,0,1,0
2691,Medio,1,0,1
2692,Medio,0,1,1
2693,Bajo,1,1,0
2694,Muy alto,0,0,1
2695,Muy alto,1,0,0
2696,Alto,0,1,0
2697,Bajo,1,1,1
2698,Alto,0,0,0
2699,Medio,1,1,0
2700,Medio,1,1,1
2701,Medio,1,1,1
2702,Muy alto,1,0,0
2703,Alto,0,1,0
2704,Bajo,1,1,0
2705,Muy alto,0,0,1
2706,Medio,1,1,0
2707,Bajo,1,1,1
2708,Muy alto,1,0,0
2709,Bajo,1,1,1
2710,Alto,1,0,0
2711,Bajo,1,1,1
2712,Medio,1,1,0
2713,Bajo,1,1,0
2714,Medio,1,1,1
2715,Bajo,1,1,1
2716,Bajo,0,1,1
2717,Medio,0,1,1
2718,Bajo,1,1,1
2719,Medio,0,1,0
2720,Muy alto,1,0,0
2721,Alto,1,1,1
2722,Bajo,0,1,1
2723,Medio,1,1,0
2724,Medio,1,1,0
2725,Muy alto,0,1,0
2726,Muy alto,0,1,0
2727,Bajo,1,1,1
2728,Alto,1,1,0
2729,Bajo,0,1,1
2730,Medio,1,1,0
2731,Muy alto,0,0,0
2732,Muy alto,0,0,1
2733,Alto,1,0,1
2734,Medio,0,0,0
2735,Alto,0,0,0
2736,Bajo,1,1,1
2737,Medio,1,1,0
2738,Bajo,1,0,1
2739,Medio,0,0,1
2740,Medio,1,0,1
2741,Muy alto,0,0,1
2742,Muy alto,1,0,0
2743,Muy alto,0,0,0
2744,Medio,0,1,1
2745,Medio,0,1,0
2746,Alto,1,0,1
2747,Alto,1,0,0
2748,Muy alto,0,0,0
2749,Medio,1,1,0
2750,Alto,1,1,1
2751,Alto,1,0,1
2752,Bajo,0,1,0
2753,Medio,1,1,1
2754,Muy alto,0,0,0
2755,Bajo,1,1,1
2756,Muy alto,0,0,1
2757,Medio,1,1,0
2758,Bajo,1,1,1
2759,Medio,1,1,1
2760,Alto,0,0,1
2761,Alto,1,0,1
2762,Bajo,0,1,0
2763,Alto,0,0,1
2764,Alto,1,0,0
2765,Bajo,0,1,1
2766,Medio,0,1,0
2767,Medio,0,1,1
2768,Alto,1,0,1
2769,Medio,0,0,0
2770,Bajo,1,0,1
2771,Bajo,1,1,0
2772,Muy alto,1,0,0
2773,Muy alto,0,0,0
2774,Bajo,1,1,0
2775,Medio,1,1,1
2776,Muy alto,0,0,0
2777,Bajo,0,1,1
2778,Medio,0,1,0
2779,Muy alto,0,0,0
2780,Muy alto,1,0,0
2781,Alto,0,1,1
2782,Alto,1,1,1
2783,Muy alto,0,0,1
2784,Bajo,1,1,1
2785,Alto,1,0,0
2786,Medio,1,1,1
2787,Medio,1,0,1
2788,Medio,1,1,0
2789,Alto,0,0,0
2790,Muy alto,0,1,1
2791,Bajo,1,1,0
2792,Medio,0,1,1
2793,Muy alto,0,0,1
2794,Medio,1,1,0
2795,Alto,0,1,1
2796,Bajo,1,1,1
2797,Alto,0,0,0
2798,Bajo,1,1,1
2799,Bajo,0,1,1
2800,Bajo,1,0,1
2801,Alto,0,0,1
2802,Medio,1,1,1
2803,Alto,0,1,1
2804,Medio,0,1,1
2805,Medio,0,0,1
2806,Alto,0,1,0
2807,Alto,0,0,0
2808,Bajo,1,1,0
2809,Alto,0,1,0
2810,Medio,1,1,1
2811,Medio,1,1,0
2812,Muy alto,0,0,0
2813,Bajo,1,1,1
2814,Muy alto,0,0,0
2815,Alto,1,0,1
2816,Alto,0,0,0
2817,Medio,1,1,1
2818,Muy alto,0,0,1
2819,Medio,1,1,0
2820,Medio,1,1,1
2821,Bajo,1,0,1
2822,Medio,0,0,1
2823,Medio,1,0,0
2824,Alto,0,0,1
2825,Bajo,1,1,1
2826,Bajo,1,1,0
2827,Muy alto,0,1,1
2828,Muy alto,0,0,0
2829,Medio,1,0,1
2830,Alto,1,0,0
2831,Bajo,0,1,1
2832,Muy alto,0,0,0
2833,Bajo,1,1,0
2834,Medio,1,1,0
2835,Alto,1,0,0
2836,Medio,0,1,0
2837,Medio,1,1,1
2838,Medio,1,1,0
2839,Bajo,1,1,1
2840,Medio,1,0,1
2841,Bajo,1,1,1
2842,Muy alto,0,0,1
2843,Medio,0,1,1
2844,Muy alto,0,0,1
2845,Muy alto,0,0,0
2846,Bajo,0,1,1
2847,Muy alto,0,1,0
2848,Bajo,1,1,0
2849,Medio,1,1,1
2850,Muy alto,0,1,0
2851,Bajo,0,1,1
2852,Medio,1,1,1
2853,Muy alto,0,0,0
2854,Medio,0,1,0
2855,Alto,1,0,1
2856,Alto,0,0,1
2857,Medio,0,1,1
2858,Alto,0,0,1
2859,Bajo,0,1,0
2860,Alto,1,0,0
2861,Medio,1,1,0
2862,Bajo,1,1,1
2863,Medio,1,1,1
2864,Alto,1,0,1
2865,Medio,1,1,1
2866,Medio,1,1,1
2867,Alto,1,1,1
2868,Muy alto,0,0,0
2869,Medio,1,1,0
2870,Bajo,1,1,0
2871,Alto,0,1,1
2872,Alto,0,0,0
2873,Medio,1,1,0
2874,Bajo,1,1,0
2875,Medio,1,1,1
2876,Medio,0,1,0
2877,Medio,0,1,1
2878,Muy alto,0,0,0
2879,Bajo,1,1,1
2880,Alto,1,0,0
2881,Alto,0,0,1
2882,Bajo,0,1,0
2883,Bajo,1,1,0
2884,Medio,1,1,1
2885,Alto,0,0,0
2886,Bajo,1,1,0
2887,Medio,0,0,1
2888,Alto,0,0,0
2889,Medio,0,1,1
2890,Medio,1,1,0
2891,Bajo,1,1,1
2892,Alto,0,0,1
2893,Medio,1,1,0
2894,Muy alto,1,0,0
2895,Muy alto,0,0,1
2896,Muy alto,1,0,0
2897,Medio,1,0,1
2898,Alto,0,1,0
2899,Muy alto,1,0,1
2900,Muy alto,0,0,0
2901,Muy alto,0,0,1
2902,Medio,1,1,0
2903,Bajo,1,0,1
2904,Alto,0,1,0
2905,Medio,1,1,0
2906,Medio,1,1,1
2907,Muy alto,0,0,0
2908,Muy alto,0,1,0
2909,Medio,1,1,0
2910,Medio,1,1,1
2911,Muy alto,1,0,1
2912,Alto,1,0,1
2913,Bajo,1,1,0
2914,Muy alto,0,0,0
2915,Muy alto,0,0,0
2916,Muy alto,0,1,0
2917,Medio,0,0,1
2918,Alto,0,1,0
2919,Muy alto,0,1,1
2920,Alto,0,0,0
2921,Muy alto,0,0,0
2922,Alto,1,1,0
2923,Alto,0,0,0
2924,Alto,1,0,0
2925,Medio,1,1,1
2926,Bajo,1,1,1
2927,Alto,0,1,0
2928,Medio,1,1,0
2929,Bajo,0,0,1
2930,Medio,1,1,1
2931,Muy alto,0,1,0
2932,Medio,1,0,1
2933,Medio,1,0,1
2934,Medio,0,1,0
2935,Medio,1,1,1
2936,Alto,0,1,0
2937,Medio,1,0,0
2938,Medio,0,0,0
2939,Bajo,1,1,1
2940,Medio,1,1,0
2941,Bajo,1,1,1
2942,Alto,0,0,0
2943,Medio,0,1,0
2944,Medio,1,0,0
2945,Alto,0,0,1
2946,Muy alto,0,0,0
2947,Medio,0,1,0
2948,Alto,0,1,1
2949,Medio,1,1,1
2950,Bajo,1,1,0
2951,Bajo,1,0,0
2952,Muy alto,0,0,0
2953,Bajo,0,1,1
2954,Muy alto,0,0,0
2955,Medio,1,1,0
2956,Medio,1,1,0
2957,Muy alto,1,1,0
2958,Alto,0,0,1
2959,Muy alto,0,0,0
2960,Alto,1,0,1
2961,Medio,1,1,1
2962,Medio,1,1,0
2963,Bajo,1,1,0
2964,Medio,1,1,1
2965,Muy alto,0,0,0
2966,Medio,1,0,0
2967,Medio,0,1,1
2968,Alto,0,0,1
2969,Muy alto,1,1,1
2970,Bajo,1,1,1
2971,Medio,1,1,0
2972,Muy alto,0,0,0
2973,Alto,1,1,0
2974,Muy alto,0,0,0
2975,Bajo,1,1,0
2976,Bajo,1,1,1
2977,Alto,1,1,1
2978,Alto,0,0,0
2979,Alto,0,1,0
2980,Muy alto,0,0,1
2981,Alto,1,1,0
2982,Medio,1,1,0
2983,Bajo,1,1,1
2984,Muy alto,0,0,0
2985,Alto,1,0,0
2986,Medio,1,1,1
2987,Medio,0,1,0
2988,Medio,1,0,0
2989,Medio,1,1,1
2990,Medio,1,0,1
2991,Bajo,1,0,0
2992,Medio,0,0,0
2993,Muy alto,1,0,1
2994,Medio,1,1,0
2995,Medio,1,1,0
2996,Bajo,1,1,0
2997,Alto,0,0,1
2998,Bajo,1,1,1
2999,Alto,1,0,1
3000,Alto,1,0,1
3001,Muy alto,1,1,0
3002,Muy alto,0,0,1
3003,Medio,1,0,0
3004,Medio,1,1,1
3005,Medio,0,1,0
3006,Medio,1,1,0
3007,Bajo,1,1,1
3008,Alto,0,0,1
3009,Bajo,1,1,1
3010,Alto,0,1,1
3011,Muy alto,0,0,1
3012,Alto,0,0,0
3013,Muy alto,1,0,0
3014,Medio,1,1,0
3015,Muy alto,0,1,0
3016,Medio,0,1,1
3017,Medio,1,0,0
3018,Medio,0,0,1
3019,Alto,0,0,0
3020,Medio,1,1,1
3021,Alto,0,1,0
3022,Bajo,1,1,1
3023,Medio,1,1,1
3024,Muy alto,1,0,1
3025,Muy alto,0,0,1
3026,Muy alto,0,0,0
3027,Alto,0,1,0
3028,Alto,1,0,1
3029,Muy alto,0,0,0
3030,Muy alto,0,0,0
3031,Alto,1,0,0
3032,Bajo,1,1,1
3033,Medio,0,1,1
3034,Medio,0,0,0
3035,Muy alto,0,0,0
3036,Alto,0,0,0
3037,Bajo,1,1,1
3038,Alto,0,1,0
3039,Bajo,1,1,1
3040,Medio,1,1,0
3041,Alto,0,1,1
3042,Medio,1,1,1
3043,Alto,1,0,1
3044,Alto,1,0,1
3045,Medio,1,1,1
3046,Bajo,1,0,1
3047,Bajo,1,1,1
3048,Bajo,1,1,1
3049,Alto,1,0,0
3050,Muy alto,0,1,0
3051,Medio,1,0,0
3052,Bajo,1,1,1
3053,Bajo,1,1,1
3054,Alto,1,1,0
3055,Bajo,0,0,1
3056,Bajo,1,1,0
3057,Alto,0,0,0
3058,Medio,1,1,1
3059,Bajo,1,1,0
3060,Muy alto,0,0,0
3061,Medio,0,1,1
3062,Medio,1,1,1
3063,Medio,0,0,0
3064,Muy alto,0,1,0
3065,Muy alto,1,0,0
3066,Alto,1,0,0
3067,Alto,0,1,0
3068,Alto,0,0,0
3069,Muy alto,1,0,1
3070,Medio,1,1,1
3071,Muy alto,1,0,0
3072,Muy alto,0,1,0
3073,Alto,0,0,0
3074,Medio,1,1,1
3075,Bajo,0,0,0
3076,Bajo,0,1,1
3077,Muy alto,0,0,1
3078,Medio,1,0,0
3079,Bajo,1,1,1
3080,Medio,1,1,0
3081,Medio,0,0,1
3082,Medio,1,1,0
3083,Bajo,1,1,1
3084,Alto,0,0,1
3085,Muy alto,0,0,0
3086,Medio,0,1,0
3087,Bajo,1,0,1
3088,Bajo,0,1,1
3089,Muy alto,0,0,0
3090,Medio,0,1,0
3091,Bajo,1,0,1
3092,Muy alto,0,0,0
3093,Medio,1,0,1
3094,Medio,1,1,1
3095,Muy alto,0,0,1
3096,Alto,0,0,0
3097,Alto,1,1,1
3098,Medio,1,0,1
3099,Medio,1,1,0
3100,Muy alto,0,1,0
3101,Medio,0,1,0
3102,Medio,0,1,1
3103,Muy alto,0,0,0
3104,Muy alto,0,0,0
3105,Alto,0,1,0
3106,Alto,0,0,1
3107,Medio,1,0,0
3108,Medio,1,1,1
3109,Bajo,1,1,1
3110,Muy alto,0,0,0
3111,Bajo,1,1,1
3112,Bajo,1,1,0
3113,Bajo,1,1,1
3114,Medio,1,1,1
3115,Medio,1,0,1
3116,Bajo,1,1,1
3117,Medio,1,1,1
3118,Bajo,0,1,0
3119,Muy alto,0,0,0
3120,Medio,1,1,1
3121,Alto,1,1,1
3122,Alto,1,1,1
3123,Bajo,1,1,1
3124,Bajo,1,1,1
3125,Alto,0,0,0
3126,Bajo,1,1,1
3127,Bajo,1,1,1
3128,Alto,1,0,0
3129,Muy alto,0,1,0
3130,Medio,1,1,0
3131,Muy alto,1,0,1
3132,Muy alto,0,0,0
3133,Bajo,1,1,1
3134,Alto,1,0,1
3135,Bajo,1,1,1
3136,Muy alto,1,0,0
3137,Medio,1,1,0
3138,Medio,0,1,1
3139,Alto,0,0,0
3140,Alto,0,1,1
3141,Alto,1,1,0
3142,Muy alto,0,0,1
3143,Bajo,1,1,1
3144,Medio,0,1,1
3145,Muy alto,0,0,0
3146,Alto,0,1,0
3147,Alto,0,1,0
3148,Medio,1,0,0
3149,Alto,0,1,1
3150,Muy alto,0,0,0
3151,Alto,1,1,0
3152,Muy alto,0,0,0
3153,Muy alto,0,0,0
3154,Alto,1,1,1
3155,Medio,1,1,1
3156,Medio,1,0,1
3157,Muy alto,0,0,0
3158,Bajo,1,1,0
3159,Medio,1,1,1
3160,Alto,0,0,1
3161,Alto,1,1,1
3162,Bajo,1,1,0
3163,Medio,1,0,1
3164,Muy alto,1,0,0
3165,Alto,0,0,1
3166,Alto,0,1,1
3167,Alto,0,0,0
3168,Alto,0,1,0
3169,Medio,1,1,0
3170,Muy alto,0,0,0
3171,Muy alto,0,0,0
3172,Alto,0,0,0
3173,Muy alto,0,0,0
3174,Medio,0,1,0
3175,Medio,0,1,1
3176,Medio,1,1,0
3177,Medio,1,0,0
3178,Bajo,0,1,1
3179,Medio,1,0,1
3180,Alto,0,0,0
3181,Medio,1,1,1
3182,Muy alto,0,1,0
3183,Alto,0,1,0
3184,Medio,0,0,0
3185,Alto,0,0,0
3186,Muy alto,0,0,0
3187,Alto,0,0,1
3188,Bajo,1,1,0
3189,Medio,0,0,1
3190,Medio,0,1,0
3191,Alto,1,1,0
3192,Alto,0,1,0
3193,Bajo,1,1,0
3194,Medio,1,1,1
3195,Alto,0,1,0
3196,Muy alto,0,0,0
3197,Muy alto,1,0,1
3198,Bajo,1,1,1
3199,Muy alto,0,1,0
3200,Bajo,1,1,1
3201,Medio,1,1,1
3202,Bajo,0,0,1
3203,Alto,1,0,0
3204,Muy alto,0,0,0
3205,Medio,1,1,1
3206,Bajo,1,1,0
3207,Muy alto,0,0,0
3208,Medio,1,0,0
3209,Medio,0,0,0
3210,Medio,1,1,1
3211,Medio,1,1,1
3212,Alto,0,1,0
3213,Alto,0,0,1
3214,Bajo,1,1,1
3215,Muy alto,1,0,1
3216,Medio,1,0,0
3217,Medio,0,1,1
3218,Alto,1,1,0
3219,Alto,1,0,0
3220,Medio,1,1,1
3221,Muy alto,0,0,0
3222,Muy alto,0,1,1
3223,Medio,1,1,1
3224,Muy alto,0,0,1
3225,Medio,1,1,1
3226,Bajo,1,1,1
3227,Bajo,1,1,1
3228,Bajo,1,1,1
3229,Alto,1,1,1
3230,Bajo,1,0,1
3231,Medio,1,0,1
3232,Muy alto,0,0,0
3233,Alto,0,0,1
3234,Medio,0,0,1
3235,Medio,1,1,1
3236,Medio,1,0,0
3237,Alto,1,0,1
3238,Medio,1,1,0
3239,Bajo,1,1,0
3240,Muy alto,0,0,1
3241,Alto,1,0,0
3242,Medio,1,1,0
3243,Medio,1,0,0
3244,Alto,1,0,1
3245,Alto,0,1,0
3246,Bajo,1,1,1
3247,Bajo,1,1,1
3248,Medio,1,0,0
3249,Medio,1,0,1
3250,Bajo,1,1,0
3251,Medio,1,1,1
3252,Bajo,1,1,1
3253,Medio,1,1,1
3254,Bajo,1,1,0
3255,Muy alto,0,0,0
3256,Medio,1,1,1
3257,Medio,1,1,1
3258,Alto,1,0,1
3259,Bajo,1,1,1
3260,Bajo,1,1,0
3261,Alto,0,0,1
3262,Bajo,1,1,1
3263,Alto,0,0,1
3264,Medio,1,1,0
3265,Alto,1,0,1
3266,Bajo,1,1,0
3267,Bajo,1,0,1
3268,Bajo,0,1,1
3269,Muy alto,0,0,0
3270,Medio,0,1,1
3271,Muy alto,0,0,0
3272,Medio,0,1,0
3273,Medio,1,1,1
3274,Alto,0,1,1
3275,Muy alto,1,0,0
3276,Medio,0,1,1
3277,Muy alto,0,0,0
3278,Medio,1,1,1
3279,Muy alto,1,0,0
3280,Bajo,1,1,1
3281,Alto,0,0,0
3282,Medio,1,1,0
3283,Medio,1,1,1
3284,Bajo,1,1,0
3285,Medio,1,1,0
3286,Muy alto,1,0,0
3287,Medio,0,0,0
3288,Muy alto,0,0,0
3289,Alto,1,0,1
3290,Bajo,1,1,0
3291,Alto,0,1,1
3292,Muy alto,0,0,0
3293,Alto,0,0,0
3294,Medio,0,0,1
3295,Medio,1,1,0
3296,Medio,1,1,0
3297,Alto,0,0,0
3298,Alto,1,1,0
3299,Bajo,1,1,0
3300,Muy alto,0,0,0
3301,Alto,0,0,0
3302,Bajo,1,0,1
3303,Medio,1,0,1
3304,Bajo,0,1,0
3305,Alto,1,0,0
3306,Alto,1,0,0
3307,Alto,0,0,1
3308,Bajo,1,1,1
3309,Bajo,1,1,1
3310,Alto,0,0,1
3311,Muy alto,1,0,0
3312,Alto,0,0,0
3313,Muy alto,0,0,1
3314,Medio,0,1,1
3315,Muy alto,0,0,0
3316,Medio,1,0,1
3317,Bajo,1,1,1
3318,Muy alto,1,0,0
3319,Bajo,1,1,1
3320,Bajo,1,0,0
3321,Alto,1,1,0
3322,Alto,0,0,1
3323,Muy alto,0,0,0
3324,Muy alto,0,1,1
3325,Medio,0,0,1
3326,Alto,1,1,0
3327,Medio,1,1,1
3328,Muy alto,0,0,0
3329,Medio,1,1,0
3330,Muy alto,0,0,0
3331,Muy alto,0,0,0
3332,Alto,0,0,1
3333,Alto,0,0,0
3334,Medio,1,1,0
3335,Muy alto,0,0,0
3336,Medio,1,0,0
3337,Medio,0,0,0
3338,Alto,0,1,0
3339,Alto,0,1,1
3340,Alto,0,0,0
3341,Medio,1,0,1
3342,Alto,1,1,1
3343,Bajo,1,1,1
3344,Medio,0,1,1
3345,Medio,0,0,1
3346,Alto,0,1,0
3347,Bajo,1,1,1
3348,Medio,1,1,1
3349,Muy alto,0,0,0
3350,Muy alto,0,0,0
3351,Muy alto,0,0,1
3352,Alto,0,1,1
3353,Muy alto,0,0,0
3354,Medio,0,0,0
3355,Bajo,1,1,1
3356,Medio,1,0,0
3357,Alto,1,0,0
3358,Medio,1,1,0
3359,Medio,1,1,0
3360,Bajo,1,1,1
3361,Medio,0,0,0
3362,Bajo,1,1,1
3363,Medio,1,1,0
3364,Bajo,0,1,1
3365,Alto,0,0,0
3366,Bajo,1,1,1
3367,Bajo,1,1,1
3368,Bajo,1,1,1
3369,Muy alto,0,0,0
3370,Medio,1,1,0
3371,Muy alto,0,0,0
3372,Medio,1,1,1
3373,Bajo,1,1,1
3374,Bajo,1,1,1
3375,Medio,1,1,0
3376,Muy alto,0,0,0
3377,Muy alto,0,0,0
3378,Alto,1,0,0
3379,Bajo,1,1,0
3380,Bajo,1,1,1
3381,Muy alto,0,1,1
3382,Alto,0,1,1
3383,Bajo,1,1,1
3384,Muy alto,1,0,1
3385,Alto,1,0,0
3386,Medio,1,0,1
3387,Alto,1,1,1
3388,Muy alto,0,1,0
3389,Medio,1,1,0
3390,Muy alto,1,0,1
3391,Medio,1,1,1
3392,Alto,1,1,1
3393,Bajo,1,1,1
3394,Medio,0,1,1
3395,Bajo,1,1,1
3396,Alto,1,1,1
3397,Alto,0,0,1
3398,Alto,0,0,0
3399,Bajo,1,1,1
3400,Bajo,1,1,1
3401,Muy alto,1,0,0
3402,Alto,0,0,0
3403,Medio,0,1,0
3404,Muy alto,1,1,0
3405,Medio,0,1,0
3406,Medio,1,0,1
3407,Muy alto,0,0,0
3408,Medio,1,0,1
3409,Muy alto,1,0,1
3410,Bajo,0,1,1
3411,Alto,0,0,0
3412,Alto,0,0,0
3413,Alto,1,0,0
3414,Muy alto,0,0,0
3415,Bajo,1,1,1
3416,Alto,0,0,1
3417,Alto,1,0,1
3418,Alto,0,1,1
3419,Alto,1,0,1
3420,Alto,0,0,1
3421,Bajo,1,1,1
3422,Muy alto,0,0,0
3423,Alto,0,1,0
3424,Muy alto,0,0,1
3425,Bajo,1,1,1
3426,Muy alto,1,0,0
3427,Bajo,1,1,1
3428,Alto,1,1,0
3429,Medio,1,1,1
3430,Alto,1,0,1
3431,Medio,1,0,0
3432,Muy alto,0,0,1
3433,Bajo,1,0,0
3434,Alto,1,0,0
3435,Alto,1,0,0
3436,Bajo,1,1,1
3437,Bajo,1,0,1
3438,Muy alto,0,0,0
3439,Bajo,1,1,0
3440,Alto,0,1,1
3441,Alto,0,1,1
3442,Medio,1,0,0
3443,Medio,0,0,1
3444,Bajo,1,1,0
3445,Alto,0,0,0
3446,Alto,0,0,0
3447,Medio,1,0,0
3448,Medio,1,1,1
3449,Muy alto,0,0,0
3450,Alto,0,0,0
3451,Medio,1,1,0
3452,Alto,1,0,1
3453,Medio,0,1,0
3454,Bajo,1,1,1
3455,Medio,1,0,0
3456,Bajo,1,1,1
3457,Medio,1,1,0
3458,Alto,0,1,1
3459,Bajo,1,0,1
3460,Muy alto,0,1,0
3461,Medio,1,1,0
3462,Alto,1,1,0
3463,Medio,1,0,0
3464,Medio,0,0,1
3465,Bajo,1,1,0
3466,Medio,0,1,1
3467,Bajo,1,1,1
3468,Muy alto,1,0,1
3469,Medio,1,0,0
3470,Muy alto,1,1,0
3471,Alto,1,1,1
3472,Medio,0,0,1
3473,Medio,1,1,0
3474,Medio,1,1,1
3475,Muy alto,0,0,0
3476,Medio,1,0,0
3477,Muy alto,0,0,0
3478,Medio,1,0,0
3479,Bajo,1,1,1
3480,Muy alto,0,1,0
3481,Alto,1,0,1
3482,Muy alto,0,1,0
3483,Bajo,1,1,0
3484,Alto,0,1,0
3485,Bajo,1,1,1
3486,Medio,0,1,0
3487,Alto,0,0,1
3488,Alto,0,1,1
3489,Medio,1,0,1
3490,Medio,1,1,1
3491,Bajo,1,1,0
3492,Alto,0,0,1
3493,Medio,0,1,1
3494,Muy alto,0,0,0
3495,Medio,1,1,1
3496,Medio,1,1,1
3497,Medio,1,1,1
3498,Medio,1,0,1
3499,Alto,1,0,0
3500,Alto,0,0,1
3501,Alto,1,1,0
3502,Medio,0,1,1
3503,Muy alto,0,0,0
3504,Medio,1,1,0
3505,Muy alto,0,0,0
3506,Bajo,1,1,1
3507,Muy alto,0,0,0
3508,Bajo,1,1,1
3509,Alto,0,0,1
3510,Medio,1,1,0
3511,Bajo,1,1,1
3512,Muy alto,1,0,0
3513,Medio,1,0,0
3514,Medio,1,0,1
3515,Alto,1,0,1
3516,Alto,0,0,0
3517,Bajo,1,1,0
3518,Medio,1,0,1
3519,Bajo,1,1,1
3520,Alto,0,1,0
3521,Medio,0,0,0
3522,Bajo,1,1,1
3523,Medio,0,1,1
3524,Alto,1,0,0
3525,Medio,1,1,1
3526,Bajo,1,1,0
3527,Muy alto,1,1,0
3528,Medio,0,1,0
3529,Alto,0,0,0
3530,Medio,1,0,1
3531,Medio,1,1,1
3532,Alto,1,0,1
3533,Muy alto,1,0,0
3534,Muy alto,0,0,0
3535,Alto,0,1,0
3536,Alto,1,1,0
3537,Muy alto,1,0,1
3538,Medio,1,1,0
3539,Alto,1,0,1
3540,Medio,0,1,1
3541,Bajo,1,1,0
3542,Alto,1,1,1
3543,Medio,1,1,1
3544,Medio,0,1,1
3545,Muy alto,1,0,0
3546,Bajo,1,1,0
3547,Medio,1,0,0
3548,Medio,1,1,1
3549,Medio,1,1,0
3550,Muy alto,0,1,0
3551,Bajo,1,1,1
3552,Alto,1,1,0
3553,Bajo,1,1,0
3554,Muy alto,0,0,1
3555,Alto,0,1,1
3556,Bajo,1,1,0
3557,Bajo,0,1,1
3558,Medio,1,1,1
3559,Alto,1,0,0
3560,Bajo,1,0,1
3561,Bajo,1,1,1
3562,Medio,1,1,1
3563,Alto,1,1,0
3564,Muy alto,0,0,0
3565,Alto,0,0,1
3566,Medio,1,1,1
3567,Medio,1,1,0
3568,Medio,1,1,0
3569,Medio,0,1,0
3570,Medio,1,0,1
3571,Medio,1,1,1
3572,Medio,1,0,1
3573,Medio,1,1,1
3574,Muy alto,0,0,1
3575,Alto,1,0,1
3576,Alto,1,1,0
3577,Medio,1,1,1
3578,Bajo,1,1,1
3579,Bajo,1,1,1
3580,Medio,0,1,1
3581,Muy alto,0,0,1
3582,Muy alto,0,0,1
3583,Alto,0,0,0
3584,Muy alto,1,0,1
3585,Medio,1,0,1
3586,Muy alto,0,0,1
3587,Alto,1,1,1
3588,Muy alto,0,0,0
3589,Medio,1,1,1
3590,Medio,1,0,1
3591,Medio,1,1,1
3592,Alto,0,1,0
3593,Bajo,1,1,1
3594,Medio,1,0,1
3595,Alto,0,0,1
3596,Alto,1,0,0
3597,Alto,0,1,0
3598,Muy alto,1,0,0
3599,Medio,0,0,0
3600,Muy alto,0,0,0
3601,Bajo,1,1,1
3602,Alto,0,1,0
3603,Bajo,1,1,1
3604,Alto,0,0,1
3605,Medio,1,0,0
3606,Muy alto,0,0,1
3607,Medio,1,1,0
3608,Alto,0,0,0
3609,Muy alto,0,1,0
3610,Medio,0,0,0
3611,Muy alto,0,0,0
3612,Muy alto,1,0,0
3613,Alto,1,0,0
3614,Medio,1,1,0
3615,Muy alto,1,0,0
3616,Alto,0,0,0
3617,Bajo,1,1,1
3618,Muy alto,0,0,1
3619,Bajo,1,1,1
3620,Medio,1,1,1
3621,Alto,0,1,0
3622,Alto,1,0,0
3623,Medio,1,1,0
3624,Muy alto,1,0,0
3625,Muy alto,0,0,1
3626,Muy alto,0,1,0
3627,Muy alto,1,1,0
3628,Muy alto,0,1,0
3629,Bajo,1,1,1
3630,Medio,1,1,0
3631,Bajo,1,0,1
3632,Bajo,1,1,1
3633,Alto,1,0,1
3634,Bajo,1,1,1
3635,Muy alto,0,0,0
3636,Bajo,1,1,1
3637,Medio,0,0,1
3638,Muy alto,0,0,0
3639,Bajo,1,1,0
3640,Medio,0,1,0
3641,Medio,1,1,1
3642,Medio,1,1,1
3643,Muy alto,0,0,0
3644,Bajo,0,1,0
3645,Medio,1,0,0
3646,Bajo,1,1,1
3647,Alto,1,1,0
3648,Alto,0,0,1
3649,Alto,1,1,0
3650,Muy alto,1,0,0
3651,Alto,0,0,0
3652,Medio,1,1,0
3653,Medio,1,1,0
3654,Alto,1,0,1
3655,Alto,1,0,1
3656,Muy alto,0,0,0
3657,Muy alto,0,0,0
3658,Medio,1,1,1
3659,Muy alto,0,0,0
3660,Bajo,1,1,1
3661,Bajo,1,1,1
3662,Bajo,0,1,1
3663,Medio,0,1,1
3664,Alto,1,1,0
3665,Alto,0,0,0
3666,Bajo,1,1,1
3667,Muy alto,0,0,0
3668,Alto,1,0,0
3669,Alto,0,0,0
3670,Medio,1,0,1
3671,Alto,1,1,0
3672,Medio,0,1,1
3673,Bajo,0,1,1
3674,Muy alto,0,0,0
3675,Muy alto,0,0,0
3676,Muy alto,0,0,0
3677,Bajo,1,0,1
3678,Alto,1,0,0
3679,Alto,0,0,0
3680,Alto,1,1,1
3681,Muy alto,1,0,0
3682,Bajo,1,1,0
3683,Medio,1,1,0
3684,Medio,1,1,0
3685,Medio,1,0,1
3686,Alto,1,0,1
3687,Muy alto,0,0,0
3688,Bajo,1,1,1
3689,Medio,1,1,1
3690,Bajo,0,1,1
3691,Alto,0,1,0
3692,Muy alto,0,0,1
3693,Bajo,1,0,1
3694,Medio,0,1,0
3695,Medio,1,1,0
3696,Medio,1,1,1
3697,Bajo,1,0,1
3698,Alto,0,1,0
3699,Bajo,0,1,1
3700,Bajo,1,1,1
3701,Bajo,1,1,1
3702,Medio,1,0,1
3703,Bajo,1,0,1
3704,Bajo,1,0,1
3705,Muy alto,0,0,1
3706,Muy alto,1,0,0
3707,Medio,1,1,0
3708,Medio,1,1,0
3709,Muy alto,0,0,0
3710,Medio,1,0,0
3711,Alto,0,0,1
3712,Medio,1,1,1
3713,Bajo,1,1,1
3714,Medio,0,1,1
3715,Alto,0,1,0
3716,Muy alto,0,0,0
3717,Muy alto,0,0,0
3718,Muy alto,0,0,0
3719,Bajo,1,0,0
3720,Bajo,1,1,1
3721,Medio,1,1,1
3722,Medio,0,0,0
3723,Alto,0,1,0
3724,Alto,0,0,1
3725,Alto,0,0,1
3726,Medio,0,1,1
3727,Bajo,1,1,1
3728,Muy alto,1,0,0
3729,Medio,1,1,0
3730,Alto,0,1,1
3731,Bajo,0,1,0
3732,Alto,0,1,0
3733,Medio,1,0,1
3734,Alto,1,0,1
3735,Alto,1,1,0
3736,Medio,0,0,1
3737,Medio,1,1,0
3738,Medio,1,1,1
3739,Muy alto,0,1,0
3740,Medio,1,0,0
3741,Alto,0,1,0
3742,Muy alto,0,0,0
3743,Bajo,1,1,1
3744,Bajo,1,1,1
3745,Bajo,0,1,0
3746,Alto,0,0,1
3747,Medio,0,0,0
3748,Medio,1,1,1
3749,Muy alto,1,1,1
3750,Bajo,1,1,1
3751,Bajo,1,1,0
3752,Alto,1,0,0
3753,Alto,1,1,1
3754,Alto,0,0,0
3755,Medio,1,1,0
3756,Bajo,1,1,1
3757,Medio,1,0,0
3758,Bajo,1,1,1
3759,Muy alto,0,0,1
3760,Muy alto,0,1,0
3761,Alto,0,1,0
3762,Bajo,0,1,1
3763,Bajo,1,1,0
3764,Alto,0,0,1
3765,Alto,1,1,1
3766,Bajo,1,1,1
3767,Alto,0,0,0
3768,Alto,0,0,0
3769,Alto,1,0,0
3770,Medio,1,0,0
3771,Alto,1,0,1
3772,Medio,1,1,1
3773,Bajo,1,1,1
3774,Medio,0,0,1
3775,Bajo,1,1,0
3776,Medio,1,0,0
3777,Muy alto,0,1,0
3778,Medio,1,1,0
3779,Medio,1,1,0
3780,Medio,0,0,0
3781,Medio,0,1,1
3782,Bajo,0,1,0
3783,Medio,0,1,1
3784,Medio,0,1,0
3785,Bajo,0,1,1
3786,Bajo,1,1,1
3787,Medio,1,0,0
3788,Muy alto,0,0,0
3789,Bajo,1,1,1
3790,Muy alto,0,0,1
3791,Medio,1,0,1
3792,Bajo,0,1,1
3793,Alto,1,0,1
3794,Alto,0,1,0
3795,Bajo,1,1,1
3796,Medio,1,1,0
3797,Muy alto,1,0,0
3798,Medio,0,1,0
3799,Alto,0,1,0
3800,Muy alto,1,1,1
