ingreso_mensual,edad,horas_extra_mensuales,antiguedad_meses,nivel_educativo,area_trabajo
16089.49,47,3.7,7,Preparatoria,Procesamiento
14057.55,43,0.5,17,Secundaria,Administración
16572.6,36,3.0,33,Posgrado,Extracción
19373.7,31,0.8,3,Secundaria,Procesamiento
13750.71,42,11.6,17,Universidad,Procesamiento
13750.76,39,20.7,14,Preparatoria,Procesamiento
19553.48,43,0.5,3,Universidad,Mantenimiento
16955.79,41,21.7,20,Preparatoria,Extracción
12997.68,44,5.2,6,Preparatoria,Extracción
16236.19,32,2.5,13,Universidad,Mantenimiento
13017.06,47,0.6,2,Preparatoria,Procesamiento
13009.66,38,4.9,12,Preparatoria,Procesamiento
15274.28,53,11.1,7,Preparatoria,Extracción
8377.5,30,8.6,35,Universidad,Extracción
8980.26,50,0.4,1,Preparatoria,Extracción
12700.68,38,0.5,11,Posgrado,Extracción
11258.94,31,3.6,12,Secundaria,Procesamiento
15505.59,32,2.4,26,Preparatoria,Administración
11594.32,33,1.9,17,Universidad,Extracción
9980.63,39,2.3,22,Universidad,Extracción
19190.08,40,11.4,30,Universidad,Extracción
13777.52,31,18.5,40,Posgrado,Procesamiento
14716.09,36,3.6,8,Preparatoria,Extracción
9940.81,53,16.6,15,Secundaria,Administración
12757.98,50,2.7,37,Secundaria,Mantenimiento
14854.95,39,4.5,91,Universidad,Administración
10816.82,36,1.8,44,Universidad,Administración
15702.23,37,7.2,9,Secundaria,Procesamiento
12577.96,41,27.0,4,Secundaria,Procesamiento
13566.58,28,6.5,13,Secundaria,Extracción
12574.54,34,3.1,27,Universidad,Procesamiento
20427.29,23,7.3,14,Preparatoria,Administración
14456.81,39,0.9,13,Preparatoria,Extracción
11115.33,41,15.4,36,Preparatoria,Administración
17132.14,32,4.9,9,Universidad,Extracción
10593.3,49,4.2,39,Universidad,Administración
15168.36,26,6.2,10,Preparatoria,Administración
8229.06,24,6.9,8,Secundaria,Mantenimiento
10249.8,38,0.5,12,Preparatoria,Mantenimiento
15129.96,44,8.0,29,Universidad,Procesamiento
16863.09,49,1.9,3,Posgrado,Mantenimiento
15048.38,32,8.8,4,Secundaria,Administración
14129.93,45,12.1,61,Secundaria,Mantenimiento
13536.47,36,11.4,4,Secundaria,Procesamiento
9768.73,35,5.6,17,Preparatoria,Procesamiento
12196.5,43,5.1,17,Universidad,Mantenimiento
13025.96,41,1.1,13,Secundaria,Procesamiento
17882.79,23,10.5,21,Preparatoria,Mantenimiento
15599.58,48,2.2,5,Preparatoria,Procesamiento
8858.27,47,4.8,16,Secundaria,Extracción
15537.07,31,2.3,9,Preparatoria,Procesamiento
13267.74,39,1.0,22,Secundaria,Procesamiento
12333.85,40,7.0,3,Preparatoria,Extracción
16457.36,38,0.4,17,Universidad,Extracción
17799.2,32,9.7,4,Preparatoria,Procesamiento
17480.1,31,2.7,7,Secundaria,Extracción
11814.5,36,0.0,5,Posgrado,Extracción
13510.52,45,5.0,4,Preparatoria,Mantenimiento
15560.04,40,0.3,35,Universidad,Administración
17621.74,33,2.3,7,Secundaria,Mantenimiento
12966.64,42,8.6,52,Secundaria,Administración
13905.89,18,0.5,70,Secundaria,Mantenimiento
10959.73,45,12.8,17,Secundaria,Extracción
10672.14,22,0.0,3,Preparatoria,Mantenimiento
17100.08,33,2.0,9,Posgrado,Mantenimiento
18839.97,27,9.5,32,Preparatoria,Procesamiento
14269.57,26,2.7,9,Secundaria,Extracción
17711.31,45,0.8,2,Preparatoria,Mantenimiento
15657.24,32,3.1,16,Secundaria,Extracción
12435.62,39,2.2,37,Preparatoria,Mantenimiento
15656.47,36,12.9,32,Preparatoria,Extracción
19421.72,40,2.6,4,Universidad,Procesamiento
14385.36,37,10.9,22,Posgrado,Procesamiento
19506.86,26,15.6,5,Secundaria,Extracción
8000.0,44,4.0,5,Preparatoria,Procesamiento
17130.09,32,16.9,41,Universidad,Procesamiento
14778.55,24,3.3,6,Universidad,Mantenimiento
13543.18,33,23.3,6,Preparatoria,Administración
14793.63,48,0.7,1,Posgrado,Procesamiento
8139.78,43,8.1,41,Secundaria,Mantenimiento
13797.05,33,4.8,31,Posgrado,Extracción
15642.76,33,3.4,20,Secundaria,Extracción
19229.26,33,7.0,28,Preparatoria,Extracción
12841.54,53,8.5,3,Universidad,Procesamiento
11912.82,39,0.0,12,Secundaria,Extracción
12894.38,39,1.3,9,Preparatoria,Extracción
17429.29,44,8.7,2,Preparatoria,Mantenimiento
15552.0,38,7.7,13,Posgrado,Mantenimiento
12804.77,34,23.7,51,Universidad,Procesamiento
16142.46,34,10.0,1,Universidad,Extracción
14810.65,35,21.1,7,Preparatoria,Procesamiento
17599.66,36,8.5,5,Universidad,Procesamiento
12253.43,42,2.5,5,Preparatoria,Mantenimiento
13451.48,36,0.8,48,Preparatoria,Extracción
13245.25,42,10.7,13,Universidad,Mantenimiento
9816.75,35,7.2,13,Preparatoria,Administración
15447.58,37,0.3,29,Secundaria,Extracción
15335.38,20,3.1,3,Secundaria,Administración
14516.36,43,22.0,13,Secundaria,Procesamiento
13749.32,39,4.9,11,Universidad,Extracción
9970.81,44,4.0,18,Preparatoria,Procesamiento
13153.93,18,4.3,154,Universidad,Extracción
13403.31,53,1.6,29,Preparatoria,Extracción
11932.71,35,3.2,10,Secundaria,Procesamiento
13983.89,45,3.2,35,Preparatoria,Mantenimiento
15792.96,28,0.4,4,Universidad,Administración
20535.79,41,10.2,1,Preparatoria,Mantenimiento
15058.65,28,3.8,5,Posgrado,Extracción
15324.16,31,12.1,8,Universidad,Mantenimiento
14261.77,51,13.3,14,Preparatoria,Mantenimiento
8359.93,34,1.7,19,Preparatoria,Mantenimiento
14415.16,38,7.5,48,Posgrado,Mantenimiento
14692.74,43,4.5,14,Universidad,Administración
22382.37,40,14.9,14,Secundaria,Procesamiento
13884.44,37,1.7,1,Preparatoria,Mantenimiento
15464.95,39,7.9,1,Universidad,Extracción
14388.92,55,6.6,16,Universidad,Administración
10760.23,36,2.4,12,Secundaria,Extracción
18157.03,38,1.0,37,Universidad,Extracción
16906.19,44,7.4,4,Posgrado,Extracción
17031.3,45,9.4,1,Secundaria,Mantenimiento
11589.96,45,2.7,12,Universidad,Procesamiento
18988.94,41,7.2,5,Secundaria,Procesamiento
10014.08,27,3.5,1,Secundaria,Administración
16377.94,49,8.7,26,Secundaria,Administración
21509.46,27,1.6,2,Secundaria,Extracción
11330.28,38,15.5,19,Universidad,Extracción
12687.85,30,2.4,7,Secundaria,Mantenimiento
14818.88,35,3.2,4,Secundaria,Administración
12888.88,39,0.4,10,Secundaria,Procesamiento
9537.88,39,0.8,32,Secundaria,Procesamiento
14719.4,39,5.1,10,Secundaria,Extracción
11100.63,49,2.2,28,Universidad,Mantenimiento
16015.5,40,12.6,3,Secundaria,Mantenimiento
11557.84,34,0.1,30,Universidad,Procesamiento
19459.79,44,3.3,5,Universidad,Extracción
11993.59,46,2.9,23,Secundaria,Administración
13469.4,26,0.1,17,Universidad,Procesamiento
17103.26,41,0.9,53,Secundaria,Extracción
10561.23,42,3.7,10,Secundaria,Procesamiento
15227.87,34,4.8,1,Secundaria,Mantenimiento
18682.86,47,3.6,1,Preparatoria,Procesamiento
9356.05,35,5.3,35,Preparatoria,Mantenimiento
15090.83,37,6.3,15,Universidad,Procesamiento
15331.62,35,0.1,30,Preparatoria,Administración
17001.83,36,4.4,5,Universidad,Extracción
10541.76,27,23.2,8,Secundaria,Extracción
10274.54,24,5.1,1,Universidad,Extracción
16170.21,49,7.9,65,Secundaria,Mantenimiento
15450.35,29,2.6,22,Secundaria,Mantenimiento
15301.58,28,10.4,54,Secundaria,Administración
15608.63,19,10.4,6,Secundaria,Mantenimiento
12323.92,31,5.2,19,Preparatoria,Procesamiento
15243.21,25,26.1,23,Universidad,Administración
15437.83,49,0.9,8,Secundaria,Extracción
12214.08,44,0.1,38,Universidad,Mantenimiento
20470.48,30,10.3,59,Universidad,Procesamiento
16016.27,54,11.5,43,Universidad,Mantenimiento
10687.83,44,0.9,27,Secundaria,Mantenimiento
16600.97,33,2.2,6,Preparatoria,Mantenimiento
11381.02,18,0.1,7,Universidad,Extracción
17018.67,54,2.4,66,Universidad,Procesamiento
18207.51,25,10.4,1,Preparatoria,Procesamiento
11873.82,23,5.1,25,Secundaria,Mantenimiento
17582.8,44,3.0,25,Secundaria,Procesamiento
15820.9,56,3.3,19,Preparatoria,Administración
17130.59,47,0.0,92,Universidad,Procesamiento
20569.74,41,2.5,7,Secundaria,Procesamiento
13714.76,41,7.3,8,Preparatoria,Mantenimiento
12088.04,43,25.6,2,Preparatoria,Procesamiento
11653.55,42,13.1,12,Preparatoria,Administración
11889.41,38,0.2,6,Universidad,Mantenimiento
14253.27,37,16.0,8,Universidad,Procesamiento
15591.69,35,10.7,36,Preparatoria,Extracción
15385.41,30,10.6,55,Universidad,Procesamiento
17146.99,34,4.3,4,Secundaria,Extracción
14541.61,22,3.6,9,Secundaria,Mantenimiento
19151.31,35,2.5,53,Secundaria,Extracción
13653.1,28,0.5,1,Secundaria,Extracción
23204.54,27,1.8,2,Secundaria,Extracción
16502.14,37,2.0,4,Secundaria,Extracción
11757.1,47,4.6,18,Universidad,Extracción
11073.14,43,9.6,3,Secundaria,Administración
16043.91,23,4.5,69,Universidad,Mantenimiento
13784.92,28,0.4,12,Secundaria,Mantenimiento
16784.8,44,22.2,14,Posgrado,Mantenimiento
16014.36,28,20.0,6,Universidad,Extracción
14266.95,34,10.8,13,Secundaria,Administración
11790.26,40,33.2,22,Universidad,Extracción
9652.49,28,5.5,28,Preparatoria,Extracción
13071.15,37,23.0,28,Universidad,Procesamiento
17240.48,25,0.6,17,Preparatoria,Extracción
15185.1,31,3.2,47,Preparatoria,Mantenimiento
10513.64,39,1.8,34,Universidad,Procesamiento
15054.18,23,1.5,28,Preparatoria,Mantenimiento
15733.02,40,1.1,1,Secundaria,Procesamiento
11671.66,36,6.8,1,Universidad,Extracción
14991.92,40,10.6,5,Preparatoria,Mantenimiento
14686.27,38,6.0,22,Preparatoria,Extracción
10842.5,47,1.1,11,Secundaria,Procesamiento
15644.92,37,11.7,10,Preparatoria,Extracción
16294.51,33,7.1,43,Posgrado,Procesamiento
17965.76,37,3.4,45,Secundaria,Mantenimiento
17872.17,40,7.8,48,Preparatoria,Procesamiento
10091.46,36,2.1,8,Universidad,Administración
11498.96,36,3.0,23,Universidad,Administración
16148.11,30,17.5,6,Preparatoria,Mantenimiento
16144.12,31,2.4,4,Preparatoria,Mantenimiento
16148.15,25,4.4,4,Posgrado,Extracción
26828.74,50,15.5,8,Universidad,Mantenimiento
16326.85,26,8.6,11,Secundaria,Extracción
18133.81,30,0.4,36,Secundaria,Extracción
17552.81,30,1.1,3,Preparatoria,Administración
16584.45,43,0.1,27,Secundaria,Procesamiento
13491.14,34,7.0,15,Secundaria,Procesamiento
16928.7,46,4.2,7,Universidad,Extracción
12026.96,31,1.0,14,Secundaria,Procesamiento
13742.18,38,22.2,7,Universidad,Extracción
12946.84,29,5.3,18,Secundaria,Extracción
14762.0,53,1.9,11,Universidad,Extracción
21906.91,26,4.9,4,Universidad,Procesamiento
8524.75,38,8.0,2,Secundaria,Procesamiento
16696.03,41,0.6,16,Preparatoria,Extracción
9339.31,39,2.2,47,Secundaria,Mantenimiento
12989.82,35,11.5,8,Universidad,Extracción
17984.64,35,4.3,26,Universidad,Mantenimiento
14705.7,36,5.5,21,Preparatoria,Administración
11051.22,35,4.0,54,Preparatoria,Mantenimiento
12211.03,44,0.3,34,Preparatoria,Administración
16674.71,54,1.3,17,Universidad,Administración
12162.83,32,4.1,21,Preparatoria,Procesamiento
15192.67,25,1.6,46,Secundaria,Mantenimiento
14645.83,35,0.4,10,Preparatoria,Administración
12414.88,57,13.0,8,Secundaria,Procesamiento
21360.62,30,27.8,1,Universidad,Extracción
16528.54,49,11.0,35,Secundaria,Administración
8019.54,49,13.5,32,Preparatoria,Mantenimiento
15096.65,32,1.9,2,Secundaria,Extracción
12382.28,41,22.6,17,Secundaria,Procesamiento
17227.79,49,1.5,12,Preparatoria,Mantenimiento
11963.93,33,21.2,3,Posgrado,Procesamiento
14132.84,34,36.8,79,Universidad,Mantenimiento
16115.96,31,8.7,5,Secundaria,Mantenimiento
17270.42,28,27.8,1,Secundaria,Procesamiento
10659.05,31,5.9,18,Universidad,Procesamiento
13429.6,26,2.1,27,Preparatoria,Mantenimiento
12980.18,36,4.0,1,Secundaria,Mantenimiento
12409.35,30,6.3,22,Universidad,Procesamiento
20149.45,38,0.5,15,Universidad,Procesamiento
15795.94,24,6.8,2,Posgrado,Procesamiento
10465.17,39,27.8,4,Universidad,Administración
17437.16,43,1.5,17,Universidad,Extracción
21290.9,20,11.0,7,Secundaria,Extracción
17803.89,39,16.7,56,Secundaria,Procesamiento
9638.02,46,20.1,34,Preparatoria,Mantenimiento
12950.45,26,22.6,82,Preparatoria,Extracción
18554.12,49,5.2,6,Preparatoria,Extracción
12235.46,39,26.5,70,Preparatoria,Extracción
15920.22,30,9.9,11,Preparatoria,Mantenimiento
16978.83,36,1.2,9,Preparatoria,Extracción
11533.82,40,4.5,1,Secundaria,Procesamiento
14309.52,37,8.9,1,Secundaria,Procesamiento
8000.0,40,2.0,24,Preparatoria,Administración
11221.96,29,7.2,12,Universidad,Procesamiento
13691.78,37,7.7,5,Secundaria,Extracción
10507.09,25,1.2,19,Preparatoria,Procesamiento
19723.72,35,5.8,6,Universidad,Administración
9923.55,29,10.3,17,Preparatoria,Procesamiento
13091.86,30,4.8,9,Secundaria,Administración
14918.37,46,0.1,35,Preparatoria,Mantenimiento
19112.07,45,0.1,34,Secundaria,Extracción
9905.24,41,3.1,13,Universidad,Mantenimiento
18222.12,27,18.2,9,Secundaria,Extracción
14532.75,33,1.8,9,Universidad,Procesamiento
11359.17,46,7.0,33,Secundaria,Extracción
15978.73,37,1.8,8,Preparatoria,Extracción
15136.99,55,2.7,5,Preparatoria,Administración
12579.31,39,13.2,2,Secundaria,Extracción
14723.37,38,9.1,13,Preparatoria,Administración
13267.0,34,0.7,13,Secundaria,Extracción
14863.26,37,3.9,37,Preparatoria,Extracción
16618.82,35,0.2,5,Preparatoria,Administración
19575.25,42,4.6,10,Preparatoria,Mantenimiento
10538.99,44,7.6,33,Universidad,Mantenimiento
21325.71,30,0.9,35,Preparatoria,Extracción
8253.32,25,2.4,10,Preparatoria,Procesamiento
14014.29,21,3.6,12,Secundaria,Mantenimiento
16382.62,40,17.6,7,Preparatoria,Procesamiento
15399.17,27,35.0,54,Universidad,Procesamiento
12507.36,19,0.3,3,Secundaria,Administración
13834.01,39,10.0,54,Universidad,Mantenimiento
12922.4,56,3.3,23,Secundaria,Administración
12614.03,36,3.5,15,Universidad,Mantenimiento
17218.73,43,9.8,1,Secundaria,Mantenimiento
15642.45,37,17.5,13,Universidad,Extracción
12282.69,35,21.1,10,Preparatoria,Procesamiento
17378.72,43,6.0,4,Secundaria,Administración
15483.36,34,3.1,21,Secundaria,Extracción
17101.16,38,10.8,71,Preparatoria,Extracción
16514.81,39,2.0,17,Posgrado,Extracción
11847.22,31,5.8,25,Secundaria,Extracción
12707.42,44,3.1,1,Secundaria,Administración
16891.34,35,7.5,11,Preparatoria,Administración
16453.18,30,1.9,2,Preparatoria,Procesamiento
14433.11,40,1.5,19,Preparatoria,Extracción
14875.45,29,17.5,56,Universidad,Mantenimiento
18588.53,36,0.8,22,Secundaria,Procesamiento
12606.97,36,4.9,2,Universidad,Administración
16250.71,45,1.7,9,Preparatoria,Procesamiento
13852.98,40,0.3,16,Secundaria,Extracción
13803.42,36,0.3,10,Universidad,Procesamiento
18016.09,43,1.3,36,Preparatoria,Administración
17141.33,47,14.1,34,Preparatoria,Mantenimiento
17103.23,40,2.3,19,Preparatoria,Mantenimiento
18677.53,36,21.0,9,Secundaria,Extracción
14567.21,26,6.1,6,Preparatoria,Mantenimiento
16682.25,27,4.0,2,Universidad,Mantenimiento
13507.15,34,6.1,9,Secundaria,Extracción
15537.33,31,5.1,11,Preparatoria,Procesamiento
14083.54,35,10.0,23,Universidad,Extracción
14810.39,36,2.3,21,Posgrado,Extracción
16404.5,40,3.0,1,Preparatoria,Extracción
11881.69,35,15.7,10,Preparatoria,Extracción
21195.64,40,20.5,4,Preparatoria,Procesamiento
11280.74,37,15.6,3,Posgrado,Extracción
10614.6,20,3.8,35,Universidad,Extracción
18205.95,28,10.6,1,Secundaria,Administración
17033.32,35,4.5,11,Preparatoria,Procesamiento
16497.18,26,4.8,4,Preparatoria,Procesamiento
16510.71,41,1.6,42,Universidad,Procesamiento
14460.81,48,6.3,16,Preparatoria,Mantenimiento
11628.79,46,1.4,5,Universidad,Extracción
14742.57,34,2.8,14,Posgrado,Mantenimiento
12333.08,48,13.5,26,Secundaria,Extracción
17620.38,37,1.6,63,Secundaria,Mantenimiento
14029.42,33,0.5,5,Preparatoria,Extracción
11858.41,31,0.5,43,Preparatoria,Mantenimiento
13471.57,34,19.8,54,Secundaria,Procesamiento
15821.38,33,4.9,50,Secundaria,Procesamiento
12696.08,37,3.7,20,Universidad,Extracción
11868.89,37,11.7,20,Universidad,Mantenimiento
15279.8,36,12.6,10,Preparatoria,Administración
15283.89,39,2.8,28,Preparatoria,Mantenimiento
12877.78,46,8.3,15,Secundaria,Extracción
12992.68,44,10.3,23,Universidad,Procesamiento
15242.56,24,7.4,11,Universidad,Administración
9866.13,18,1.2,26,Preparatoria,Procesamiento
9996.12,43,14.6,35,Secundaria,Mantenimiento
12200.98,25,5.4,3,Secundaria,Administración
13816.97,34,2.3,36,Secundaria,Administración
15494.9,27,3.9,16,Preparatoria,Procesamiento
19221.14,22,0.3,37,Universidad,Procesamiento
17244.51,40,1.0,11,Universidad,Extracción
13988.2,42,10.2,10,Preparatoria,Mantenimiento
14439.15,31,0.0,49,Universidad,Extracción
11291.91,18,3.8,6,Posgrado,Extracción
14440.76,32,5.2,37,Secundaria,Procesamiento
13576.29,39,0.4,13,Preparatoria,Extracción
15532.7,24,25.3,14,Posgrado,Mantenimiento
11852.86,37,1.8,7,Preparatoria,Procesamiento
16161.91,36,2.5,17,Universidad,Procesamiento
19404.76,41,2.5,8,Posgrado,Procesamiento
14151.97,37,1.8,1,Universidad,Administración
15785.48,28,0.0,6,Universidad,Extracción
16708.46,46,9.1,1,Universidad,Mantenimiento
13216.09,35,23.8,77,Universidad,Administración
15217.1,36,1.8,67,Preparatoria,Procesamiento
14540.3,29,7.6,10,Secundaria,Procesamiento
14812.56,32,9.5,26,Preparatoria,Administración
12026.37,29,13.2,8,Universidad,Extracción
14578.43,35,3.8,22,Secundaria,Procesamiento
16093.59,50,2.5,33,Secundaria,Procesamiento
19143.66,25,2.8,59,Secundaria,Extracción
17569.67,23,8.7,10,Universidad,Mantenimiento
21390.18,48,11.9,31,Posgrado,Administración
12044.49,34,1.4,6,Posgrado,Mantenimiento
17291.43,31,3.2,93,Preparatoria,Extracción
15086.69,44,16.3,1,Universidad,Extracción
21507.37,31,11.5,19,Universidad,Procesamiento
11913.45,51,29.3,22,Preparatoria,Extracción
11812.89,41,9.8,23,Preparatoria,Mantenimiento
12581.94,32,3.5,3,Secundaria,Procesamiento
8000.0,53,6.3,56,Posgrado,Mantenimiento
12817.58,31,7.6,4,Preparatoria,Procesamiento
12070.78,42,58.0,19,Preparatoria,Procesamiento
14981.26,38,5.5,5,Universidad,Extracción
15593.62,46,8.6,7,Preparatoria,Extracción
20503.75,48,1.3,16,Secundaria,Procesamiento
17541.36,36,10.6,11,Preparatoria,Mantenimiento
12653.91,30,6.1,3,Secundaria,Mantenimiento
11625.07,40,21.3,4,Universidad,Mantenimiento
16074.14,31,0.3,11,Preparatoria,Administración
10275.25,52,2.2,28,Preparatoria,Extracción
20360.67,37,6.4,46,Preparatoria,Extracción
18274.21,33,2.5,2,Preparatoria,Extracción
12998.64,37,8.8,10,Preparatoria,Mantenimiento
9017.97,25,10.0,2,Universidad,Procesamiento
18832.39,28,0.8,1,Universidad,Mantenimiento
14133.47,46,5.0,22,Universidad,Procesamiento
18461.01,31,5.0,18,Universidad,Administración
9397.83,28,3.2,4,Secundaria,Administración
12582.0,40,18.9,5,Preparatoria,Extracción
14516.78,45,12.3,1,Posgrado,Procesamiento
14650.34,42,8.4,36,Preparatoria,Procesamiento
13059.79,44,8.8,74,Secundaria,Extracción
16493.12,30,4.3,3,Preparatoria,Procesamiento
11083.61,25,17.8,5,Secundaria,Mantenimiento
14044.39,48,8.3,41,Secundaria,Extracción
14884.95,33,9.1,52,Posgrado,Procesamiento
16146.2,34,13.8,11,Preparatoria,Mantenimiento
16777.17,47,2.2,1,Secundaria,Extracción
10901.15,40,11.5,1,Posgrado,Procesamiento
9590.83,40,1.5,17,Posgrado,Extracción
18588.57,53,3.0,10,Preparatoria,Mantenimiento
15563.4,31,2.9,1,Secundaria,Extracción
12104.84,43,26.9,18,Universidad,Administración
19463.69,36,13.6,1,Universidad,Procesamiento
14870.16,38,8.5,31,Universidad,Extracción
18273.75,48,9.1,7,Universidad,Procesamiento
14716.06,40,5.8,1,Universidad,Procesamiento
21094.39,40,20.6,18,Secundaria,Procesamiento
20117.09,45,4.8,10,Universidad,Procesamiento
13703.31,33,3.4,73,Preparatoria,Procesamiento
17609.03,29,1.2,16,Universidad,Extracción
16565.2,28,10.8,6,Preparatoria,Extracción
18879.62,20,9.3,25,Secundaria,Mantenimiento
11412.24,52,3.4,6,Preparatoria,Procesamiento
16695.36,27,0.2,47,Preparatoria,Procesamiento
17886.96,34,12.8,9,Preparatoria,Mantenimiento
8872.03,34,0.1,16,Preparatoria,Procesamiento
10713.57,38,8.5,1,Preparatoria,Mantenimiento
8000.0,43,24.6,11,Universidad,Extracción
13637.9,43,4.0,36,Secundaria,Extracción
16796.14,31,1.9,33,Universidad,Administración
19307.54,35,8.5,5,Universidad,Procesamiento
14737.1,38,11.9,5,Universidad,Mantenimiento
19711.57,34,5.5,34,Preparatoria,Extracción
10083.68,49,23.9,53,Posgrado,Mantenimiento
9049.18,40,0.4,2,Secundaria,Administración
14322.25,42,4.9,12,Secundaria,Extracción
15729.01,41,8.9,8,Preparatoria,Mantenimiento
14395.38,45,13.9,41,Secundaria,Procesamiento
8000.0,37,1.4,2,Posgrado,Procesamiento
14214.82,26,11.3,5,Secundaria,Procesamiento
10325.7,39,5.6,28,Universidad,Administración
16642.95,31,3.5,1,Universidad,Extracción
15673.11,32,1.0,14,Secundaria,Extracción
11492.38,41,14.0,12,Preparatoria,Administración
12855.63,46,1.2,8,Secundaria,Mantenimiento
11110.52,36,2.6,10,Preparatoria,Extracción
14299.43,38,2.4,15,Secundaria,Procesamiento
17556.46,50,14.4,4,Universidad,Procesamiento
11345.68,38,7.8,17,Posgrado,Procesamiento
16112.95,57,11.2,33,Secundaria,Extracción
12803.18,41,2.0,29,Secundaria,Mantenimiento
11962.81,22,6.9,3,Universidad,Extracción
14157.5,42,5.9,3,Secundaria,Mantenimiento
11187.22,39,12.5,6,Universidad,Mantenimiento
12728.32,46,16.6,9,Preparatoria,Procesamiento
10666.79,41,0.1,11,Preparatoria,Extracción
20787.12,35,7.8,23,Universidad,Extracción
14612.84,26,0.4,1,Preparatoria,Procesamiento
12260.88,34,5.6,1,Universidad,Mantenimiento
15184.74,29,2.4,10,Universidad,Procesamiento
14140.55,31,2.6,24,Secundaria,Procesamiento
13792.9,41,3.0,4,Secundaria,Procesamiento
16465.33,49,6.8,21,Posgrado,Extracción
16924.02,39,2.8,6,Universidad,Extracción
12802.4,26,9.2,43,Secundaria,Extracción
12657.38,40,3.6,45,Universidad,Extracción
13619.83,46,0.5,7,Preparatoria,Procesamiento
8000.0,31,10.7,5,Secundaria,Administración
9651.39,35,2.4,11,Universidad,Mantenimiento
18874.0,36,4.0,6,Secundaria,Extracción
19763.9,30,8.1,22,Posgrado,Extracción
13703.08,41,2.8,35,Secundaria,Extracción
16344.98,35,0.4,22,Preparatoria,Extracción
15496.0,39,3.3,35,Secundaria,Procesamiento
24352.42,29,20.2,10,Preparatoria,Procesamiento
18082.64,33,7.2,3,Universidad,Extracción
14090.66,42,7.8,27,Secundaria,Extracción
11442.27,33,7.0,9,Preparatoria,Extracción
9359.37,50,1.6,22,Preparatoria,Extracción
15151.08,33,3.8,6,Secundaria,Mantenimiento
12079.68,38,9.7,2,Universidad,Extracción
9948.79,43,0.7,98,Preparatoria,Procesamiento
12430.97,25,2.3,3,Preparatoria,Procesamiento
11039.05,22,2.3,89,Preparatoria,Administración
19898.85,24,4.0,76,Preparatoria,Administración
17321.25,46,27.5,32,Secundaria,Mantenimiento
14474.49,32,0.5,22,Preparatoria,Extracción
19235.82,56,5.1,17,Preparatoria,Procesamiento
14747.58,31,1.4,40,Universidad,Mantenimiento
11743.89,37,24.7,7,Universidad,Extracción
19374.0,48,0.8,13,Preparatoria,Procesamiento
16224.51,52,3.6,19,Secundaria,Administración
11180.81,52,9.4,11,Secundaria,Procesamiento
13890.92,46,8.5,11,Secundaria,Extracción
11698.02,44,3.8,8,Secundaria,Extracción
10075.04,41,3.0,17,Preparatoria,Procesamiento
17463.77,42,3.5,38,Secundaria,Extracción
20610.13,32,2.1,5,Secundaria,Mantenimiento
10024.58,29,1.6,54,Secundaria,Mantenimiento
16301.5,36,4.6,23,Secundaria,Extracción
12417.94,35,2.2,35,Secundaria,Administración
12941.2,32,2.4,16,Secundaria,Procesamiento
12604.34,42,7.5,30,Preparatoria,Extracción
11735.23,44,24.2,1,Preparatoria,Mantenimiento
14655.27,37,6.5,34,Secundaria,Mantenimiento
11840.96,48,0.6,1,Preparatoria,Mantenimiento
15365.46,27,0.6,44,Preparatoria,Administración
14339.24,34,21.2,96,Secundaria,Mantenimiento
13735.37,30,2.5,7,Secundaria,Administración
11595.8,21,0.7,5,Preparatoria,Procesamiento
12654.33,35,6.4,29,Universidad,Mantenimiento
16917.25,35,6.8,6,Secundaria,Administración
16102.94,48,7.3,40,Secundaria,Mantenimiento
11371.82,41,2.2,2,Universidad,Extracción
14817.86,28,0.1,3,Secundaria,Procesamiento
16904.44,51,23.5,77,Secundaria,Procesamiento
9157.9,46,2.0,22,Universidad,Extracción
16238.75,41,7.9,38,Universidad,Administración
12379.6,34,8.6,8,Preparatoria,Extracción
16325.92,28,6.6,23,Preparatoria,Extracción
12057.57,33,2.6,18,Secundaria,Administración
8724.38,45,2.2,18,Secundaria,Procesamiento
9291.86,51,6.4,23,Preparatoria,Extracción
14653.87,48,14.1,17,Secundaria,Procesamiento
15331.11,32,20.5,11,Preparatoria,Procesamiento
11606.19,27,0.8,6,Posgrado,Extracción
16543.5,37,1.2,29,Posgrado,Administración
9183.14,22,20.3,5,Secundaria,Procesamiento
14288.54,39,9.3,24,Preparatoria,Procesamiento
10624.75,35,15.0,5,Preparatoria,Procesamiento
12414.12,32,1.6,20,Universidad,Procesamiento
14651.68,23,6.2,27,Secundaria,Extracción
11746.68,40,8.5,5,Secundaria,Extracción
13269.42,32,8.0,1,Secundaria,Procesamiento
17720.14,27,3.7,3,Preparatoria,Mantenimiento
12653.95,18,0.1,19,Preparatoria,Extracción
17174.21,36,6.1,38,Universidad,Procesamiento
10884.94,50,2.0,1,Universidad,Mantenimiento
16195.37,49,4.2,26,Secundaria,Extracción
19113.02,32,22.1,8,Preparatoria,Extracción
8000.0,31,3.6,13,Secundaria,Extracción
11949.94,40,12.8,53,Universidad,Procesamiento
16346.63,28,1.5,8,Posgrado,Extracción
13850.25,38,7.8,13,Posgrado,Procesamiento
15687.67,42,26.4,1,Universidad,Procesamiento
12567.25,46,0.8,2,Secundaria,Procesamiento
14777.09,35,0.1,6,Secundaria,Extracción
14001.83,34,4.0,1,Preparatoria,Procesamiento
18236.9,29,0.7,20,Universidad,Mantenimiento
15314.15,29,9.7,11,Secundaria,Administración
15580.33,34,17.2,16,Secundaria,Administración
13181.99,39,4.0,4,Universidad,Procesamiento
12939.66,43,2.1,7,Secundaria,Procesamiento
13115.81,30,4.0,22,Preparatoria,Extracción
15762.25,48,9.0,67,Universidad,Extracción
13152.85,34,0.1,1,Secundaria,Extracción
15427.28,36,6.2,44,Secundaria,Mantenimiento
21141.28,30,6.7,17,Universidad,Extracción
17287.6,18,7.1,17,Preparatoria,Extracción
13456.72,43,1.9,14,Posgrado,Administración
18343.88,42,8.8,1,Preparatoria,Extracción
13194.16,34,0.7,2,Secundaria,Extracción
8000.0,37,1.6,18,Universidad,Extracción
11274.12,40,14.7,8,Preparatoria,Procesamiento
8513.47,23,9.4,50,Secundaria,Procesamiento
13375.16,32,0.1,10,Universidad,Procesamiento
14558.94,42,2.0,3,Secundaria,Procesamiento
19864.6,26,1.7,25,Secundaria,Mantenimiento
15546.17,38,2.2,7,Secundaria,Mantenimiento
13798.88,25,2.0,15,Preparatoria,Administración
17154.1,40,0.5,24,Preparatoria,Mantenimiento
8000.0,36,4.3,46,Preparatoria,Procesamiento
15253.97,23,9.2,31,Universidad,Extracción
16966.77,45,6.5,23,Universidad,Extracción
9768.52,30,7.8,23,Secundaria,Extracción
18160.01,30,0.6,58,Secundaria,Mantenimiento
15583.19,38,21.2,7,Secundaria,Mantenimiento
13171.08,45,12.8,1,Secundaria,Procesamiento
16524.9,28,11.4,6,Universidad,Extracción
21766.22,36,12.1,5,Universidad,Procesamiento
15081.97,39,18.9,22,Universidad,Administración
15294.31,42,5.5,20,Secundaria,Procesamiento
13030.05,37,1.6,18,Preparatoria,Mantenimiento
11780.5,33,6.7,1,Preparatoria,Mantenimiento
17157.07,29,9.5,26,Secundaria,Administración
11760.53,37,9.4,8,Preparatoria,Mantenimiento
14729.01,27,5.2,22,Posgrado,Mantenimiento
12971.5,18,0.5,16,Preparatoria,Extracción
16032.74,39,3.2,8,Universidad,Extracción
15567.72,43,17.7,3,Preparatoria,Procesamiento
17820.13,18,6.1,2,Secundaria,Extracción
12867.95,28,5.4,36,Preparatoria,Administración
13636.4,41,2.2,50,Secundaria,Extracción
11367.96,52,3.2,21,Secundaria,Administración
13078.26,36,15.8,2,Preparatoria,Procesamiento
48500.0,30,7.7,10,Universidad,Extracción
16922.36,35,10.8,26,Preparatoria,Administración
11549.07,47,4.2,30,Preparatoria,Procesamiento
17282.74,31,7.0,3,Universidad,Procesamiento
18838.04,30,2.0,1,Universidad,Extracción
15822.99,32,8.6,25,Universidad,Mantenimiento
20505.75,28,65.0,9,Secundaria,Extracción
12023.87,37,4.1,6,Universidad,Procesamiento
10517.1,49,7.3,1,Secundaria,Procesamiento
8808.1,39,19.3,16,Preparatoria,Mantenimiento
19287.34,34,0.5,38,Secundaria,Mantenimiento
16593.97,34,12.2,63,Preparatoria,Procesamiento
14322.13,23,2.4,17,Secundaria,Extracción
15395.9,43,4.1,14,Preparatoria,Mantenimiento
10898.44,35,0.2,2,Preparatoria,Extracción
22326.41,35,2.5,16,Secundaria,Procesamiento
14913.51,62,4.9,10,Preparatoria,Procesamiento
14850.06,38,0.4,19,Universidad,Administración
16822.45,30,4.7,10,Posgrado,Procesamiento
16039.23,33,18.3,5,Secundaria,Procesamiento
15216.43,45,0.8,2,Universidad,Mantenimiento
11970.48,37,10.1,8,Universidad,Procesamiento
16008.7,24,3.7,2,Preparatoria,Extracción
20522.48,43,7.5,4,Secundaria,Procesamiento
18805.34,31,2.1,87,Universidad,Mantenimiento
19598.2,51,1.2,12,Posgrado,Administración
12864.11,45,1.2,15,Preparatoria,Procesamiento
11333.26,32,0.5,41,Preparatoria,Procesamiento
14097.48,46,1.4,108,Preparatoria,Extracción
14678.32,37,7.6,17,Secundaria,Administración
18001.41,43,14.9,33,Universidad,Mantenimiento
9084.11,40,11.8,8,Universidad,Extracción
19394.56,29,8.1,7,Secundaria,Extracción
13994.37,31,0.8,10,Universidad,Mantenimiento
13133.98,44,2.4,22,Secundaria,Extracción
11261.27,33,2.6,23,Posgrado,Extracción
9204.46,33,2.0,8,Preparatoria,Extracción
17134.15,28,5.1,3,Secundaria,Extracción
14734.62,39,5.4,20,Preparatoria,Procesamiento
10372.13,53,3.1,3,Preparatoria,Mantenimiento
10355.75,27,3.1,17,Secundaria,Extracción
13425.49,36,12.3,24,Preparatoria,Extracción
19840.87,47,10.9,24,Preparatoria,Extracción
13669.31,35,2.6,28,Universidad,Procesamiento
9689.94,40,17.2,41,Secundaria,Extracción
13713.62,28,21.4,14,Preparatoria,Procesamiento
13627.28,39,2.8,26,Secundaria,Mantenimiento
8000.0,35,3.1,19,Universidad,Extracción
14326.26,44,4.9,4,Secundaria,Extracción
13761.01,45,19.8,1,Universidad,Extracción
16727.86,57,14.6,7,Universidad,Procesamiento
20416.66,41,0.8,12,Preparatoria,Administración
18105.01,39,3.5,19,Preparatoria,Extracción
13639.56,38,5.6,38,Secundaria,Administración
10959.12,33,4.9,4,Secundaria,Extracción
22734.75,39,1.5,3,Universidad,Mantenimiento
14689.5,34,13.7,66,Universidad,Procesamiento
14544.57,37,7.9,2,Secundaria,Mantenimiento
14422.8,47,12.7,13,Preparatoria,Procesamiento
15133.87,28,13.7,18,Universidad,Procesamiento
14038.05,45,9.7,16,Preparatoria,Mantenimiento
12664.28,47,4.0,2,Secundaria,Mantenimiento
12750.05,35,6.6,1,Secundaria,Procesamiento
14395.19,19,1.2,2,Secundaria,Extracción
12761.04,31,7.8,18,Universidad,Extracción
12218.89,46,1.4,16,Preparatoria,Mantenimiento
14840.58,36,8.3,5,Preparatoria,Procesamiento
13684.07,28,1.8,20,Posgrado,Procesamiento
19312.78,32,0.9,34,Preparatoria,Mantenimiento
8000.0,43,1.3,1,Universidad,Administración
17992.82,40,0.0,14,Preparatoria,Procesamiento
18487.47,34,8.9,23,Secundaria,Mantenimiento
8000.0,33,9.2,6,Universidad,Mantenimiento
13403.4,33,5.1,7,Preparatoria,Procesamiento
13311.39,29,1.2,19,Secundaria,Extracción
9995.96,49,0.6,46,Preparatoria,Mantenimiento
12010.99,33,0.1,33,Secundaria,Procesamiento
10946.16,46,1.3,17,Preparatoria,Administración
20107.27,48,15.5,26,Universidad,Extracción
17494.17,44,1.9,9,Posgrado,Extracción
18568.98,33,3.1,20,Posgrado,Administración
16809.35,39,0.8,13,Secundaria,Mantenimiento
10887.03,36,1.8,4,Preparatoria,Procesamiento
12821.54,29,5.1,24,Secundaria,Mantenimiento
16066.0,39,6.6,16,Universidad,Mantenimiento
10589.19,27,2.0,9,Preparatoria,Procesamiento
16781.59,46,0.4,48,Preparatoria,Extracción
13730.96,32,3.5,1,Universidad,Mantenimiento
13300.57,38,1.9,8,Preparatoria,Administración
16775.07,38,1.7,1,Preparatoria,Extracción
15921.64,34,22.5,29,Posgrado,Administración
13344.91,41,6.7,24,Posgrado,Administración
18209.86,32,5.7,8,Secundaria,Procesamiento
11040.6,43,3.8,23,Preparatoria,Mantenimiento
16470.99,25,3.9,10,Posgrado,Procesamiento
16397.92,37,5.4,28,Secundaria,Extracción
13509.45,52,8.3,12,Preparatoria,Mantenimiento
15543.63,28,8.5,11,Secundaria,Administración
10496.44,31,1.3,55,Preparatoria,Mantenimiento
17456.89,40,4.9,6,Secundaria,Procesamiento
13908.31,37,3.7,3,Preparatoria,Extracción
12827.29,39,14.3,18,Secundaria,Extracción
17856.83,40,7.0,70,Preparatoria,Procesamiento
12246.1,41,5.3,9,Posgrado,Extracción
9992.92,45,0.9,1,Universidad,Procesamiento
9518.79,39,6.5,8,Universidad,Procesamiento
16439.23,34,0.9,14,Preparatoria,Mantenimiento
10402.63,41,2.9,4,Secundaria,Extracción
20115.34,51,1.1,21,Secundaria,Procesamiento
8000.0,35,8.2,122,Universidad,Procesamiento
19928.66,28,1.6,12,Preparatoria,Extracción
15175.26,45,3.5,9,Secundaria,Extracción
14190.52,35,15.8,10,Universidad,Extracción
12756.26,19,1.6,2,Secundaria,Administración
15777.24,43,5.0,43,Secundaria,Extracción
14379.57,32,3.8,11,Posgrado,Mantenimiento
18030.57,35,0.1,10,Universidad,Administración
14865.53,39,11.0,22,Preparatoria,Mantenimiento
14980.97,38,0.5,12,Posgrado,Extracción
13336.44,42,4.5,21,Universidad,Administración
14317.77,33,5.8,1,Universidad,Extracción
15484.97,40,6.9,34,Secundaria,Procesamiento
9027.46,34,8.2,56,Secundaria,Administración
10185.81,42,2.0,21,Preparatoria,Mantenimiento
16878.45,41,0.1,62,Universidad,Procesamiento
15046.77,29,9.0,3,Preparatoria,Extracción
13911.25,45,5.4,13,Secundaria,Procesamiento
14558.99,32,12.7,18,Secundaria,Procesamiento
15612.26,42,12.1,17,Universidad,Extracción
52000.0,39,13.0,10,Secundaria,Administración
12009.42,51,4.6,8,Preparatoria,Administración
15126.7,34,2.8,3,Secundaria,Administración
11369.21,33,11.0,10,Secundaria,Procesamiento
15806.41,36,4.2,4,Universidad,Mantenimiento
9051.73,34,1.4,27,Universidad,Administración
17793.3,42,13.5,5,Preparatoria,Administración
16012.31,23,15.0,1,Secundaria,Procesamiento
15319.3,28,4.4,16,Universidad,Extracción
17644.61,27,0.6,18,Secundaria,Extracción
19829.52,44,3.4,41,Preparatoria,Procesamiento
17745.98,50,11.4,17,Posgrado,Mantenimiento
8609.2,35,16.2,8,Secundaria,Mantenimiento
10405.35,35,1.6,32,Posgrado,Extracción
12500.58,37,0.5,16,Secundaria,Extracción
14583.49,45,14.7,2,Preparatoria,Procesamiento
16156.51,29,3.5,17,Preparatoria,Procesamiento
12177.62,38,5.5,48,Posgrado,Extracción
15097.65,44,24.1,10,Secundaria,Mantenimiento
12082.77,40,0.5,7,Preparatoria,Procesamiento
12543.14,38,7.3,3,Posgrado,Mantenimiento
9998.68,44,0.5,3,Preparatoria,Procesamiento
11545.65,18,3.3,11,Preparatoria,Extracción
10174.61,41,11.4,18,Secundaria,Procesamiento
11377.21,31,4.0,2,Universidad,Administración
17871.65,21,41.1,56,Secundaria,Extracción
11461.92,40,5.7,28,Secundaria,Mantenimiento
22923.62,47,2.7,18,Preparatoria,Procesamiento
16078.62,35,1.7,35,Preparatoria,Administración
15091.48,44,3.0,2,Posgrado,Mantenimiento
11753.26,49,3.3,13,Universidad,Extracción
16740.99,47,0.5,20,Universidad,Mantenimiento
12657.96,49,3.2,35,Universidad,Extracción
14890.43,42,4.4,31,Universidad,Administración
22692.27,37,9.0,6,Secundaria,Procesamiento
14192.61,23,7.5,57,Universidad,Procesamiento
18177.67,34,8.6,3,Secundaria,Mantenimiento
12249.84,29,0.1,42,Preparatoria,Mantenimiento
14388.04,53,1.7,71,Universidad,Extracción
20166.56,35,7.6,4,Preparatoria,Mantenimiento
12493.71,37,4.6,26,Universidad,Procesamiento
20299.84,40,0.0,1,Secundaria,Procesamiento
16764.81,36,11.4,10,Preparatoria,Mantenimiento
12700.11,50,10.4,15,Secundaria,Procesamiento
16523.7,31,5.6,17,Preparatoria,Extracción
17612.17,38,0.5,55,Universidad,Mantenimiento
16489.79,30,10.2,22,Preparatoria,Extracción
9475.28,25,6.1,13,Secundaria,Mantenimiento
12173.16,31,10.7,33,Secundaria,Extracción
13707.94,36,9.8,60,Secundaria,Extracción
14261.81,33,11.4,1,Preparatoria,Extracción
16486.15,30,5.1,81,Posgrado,Procesamiento
15068.64,25,1.1,2,Secundaria,Mantenimiento
10226.9,35,7.8,34,Universidad,Extracción
15716.63,24,6.8,7,Universidad,Extracción
16453.87,42,9.5,3,Preparatoria,Administración
16291.33,37,1.3,12,Universidad,Extracción
17958.5,24,1.5,21,Universidad,Administración
17168.55,34,15.5,10,Secundaria,Extracción
15969.38,30,9.7,1,Secundaria,Mantenimiento
14275.47,39,16.7,18,Secundaria,Extracción
9184.93,47,10.0,47,Posgrado,Administración
15874.78,21,6.4,10,Universidad,Mantenimiento
15164.6,37,7.4,5,Universidad,Procesamiento
15369.05,35,15.4,12,Secundaria,Extracción
10414.4,41,6.1,1,Preparatoria,Mantenimiento
11040.62,38,7.0,34,Secundaria,Procesamiento
17870.09,30,1.2,35,Secundaria,Extracción
14373.42,33,4.5,18,Preparatoria,Extracción
16680.8,30,8.8,9,Posgrado,Mantenimiento
14590.62,45,2.2,32,Universidad,Extracción
14595.22,36,1.6,16,Universidad,Mantenimiento
17502.51,51,2.6,35,Secundaria,Procesamiento
12848.66,36,1.9,20,Secundaria,Administración
14807.59,30,1.7,31,Preparatoria,Administración
13020.72,24,3.9,18,Universidad,Administración
13109.61,22,16.7,11,Universidad,Extracción
13510.65,23,5.0,63,Preparatoria,Administración
15210.83,38,1.5,16,Preparatoria,Extracción
12968.0,40,0.6,19,Secundaria,Procesamiento
18518.42,23,8.3,5,Secundaria,Procesamiento
11637.26,43,3.4,20,Preparatoria,Extracción
13902.01,32,12.1,17,Secundaria,Administración
13092.86,37,7.5,4,Preparatoria,Extracción
19130.33,49,11.1,1,Universidad,Mantenimiento
15128.98,43,2.2,19,Preparatoria,Mantenimiento
17801.9,34,8.3,29,Secundaria,Mantenimiento
9746.21,29,2.1,15,Secundaria,Extracción
15354.56,19,19.6,5,Preparatoria,Procesamiento
17346.82,30,7.1,22,Preparatoria,Mantenimiento
14763.31,34,2.7,2,Preparatoria,Extracción
17909.54,28,2.2,12,Preparatoria,Procesamiento
12844.68,35,1.5,4,Preparatoria,Extracción
19009.91,37,8.3,4,Universidad,Procesamiento
21856.47,34,1.7,5,Preparatoria,Administración
13338.92,31,6.3,10,Universidad,Procesamiento
13074.39,37,2.2,1,Preparatoria,Procesamiento
19150.83,40,7.6,10,Secundaria,Procesamiento
19554.63,27,11.8,14,Preparatoria,Procesamiento
12826.85,47,10.5,13,Preparatoria,Extracción
13155.4,35,10.0,10,Posgrado,Extracción
13598.29,36,1.5,37,Universidad,Procesamiento
10197.76,42,0.6,3,Universidad,Mantenimiento
11560.31,38,8.4,14,Universidad,Procesamiento
45000.0,44,3.2,1,Preparatoria,Extracción
12043.05,38,4.0,1,Preparatoria,Procesamiento
14389.01,31,0.2,17,Preparatoria,Extracción
15249.49,39,2.1,17,Posgrado,Administración
19461.6,27,0.2,42,Universidad,Procesamiento
11305.27,37,14.8,16,Secundaria,Extracción
17649.83,36,2.0,64,Universidad,Extracción
13815.24,34,5.7,1,Secundaria,Administración
14341.72,35,0.3,2,Preparatoria,Extracción
16659.42,21,7.7,1,Secundaria,Mantenimiento
10907.29,32,2.7,4,Universidad,Extracción
15723.71,37,16.0,16,Universidad,Administración
15032.65,37,15.3,21,Secundaria,Administración
16075.84,28,2.8,1,Secundaria,Procesamiento
15425.34,46,16.2,58,Secundaria,Extracción
22356.96,29,38.9,37,Universidad,Extracción
12459.23,44,12.2,7,Preparatoria,Procesamiento
12800.81,39,13.0,2,Secundaria,Procesamiento
12505.95,31,70.0,4,Secundaria,Extracción
12722.47,50,6.0,3,Preparatoria,Extracción
12460.36,26,0.5,3,Secundaria,Procesamiento
18304.85,43,0.7,15,Universidad,Procesamiento
19045.61,44,47.6,6,Secundaria,Extracción
12673.61,31,2.8,9,Universidad,Extracción
11836.46,47,9.7,91,Secundaria,Administración
16008.53,34,11.5,23,Preparatoria,Procesamiento
12732.89,38,13.7,60,Secundaria,Mantenimiento
16525.38,38,42.3,3,Universidad,Procesamiento
15149.35,35,1.9,10,Posgrado,Extracción
9649.62,42,0.3,16,Universidad,Extracción
19452.02,42,3.7,2,Preparatoria,Extracción
20246.81,22,1.0,1,Preparatoria,Mantenimiento
12539.08,46,0.2,22,Universidad,Mantenimiento
13259.36,23,3.1,21,Universidad,Extracción
15414.77,44,10.7,11,Secundaria,Administración
15570.26,45,5.8,13,Universidad,Extracción
16607.34,27,2.6,11,Preparatoria,Administración
20932.65,33,7.4,1,Secundaria,Administración
13933.77,27,1.8,8,Secundaria,Extracción
11945.45,34,0.1,4,Secundaria,Extracción
10086.18,34,10.1,2,Preparatoria,Procesamiento
12161.02,42,6.8,63,Secundaria,Mantenimiento
14393.99,46,10.1,18,Secundaria,Procesamiento
20242.59,47,0.3,26,Secundaria,Administración
12843.64,32,12.7,8,Preparatoria,Mantenimiento
15216.12,34,6.8,10,Universidad,Extracción
14447.45,23,5.8,5,Preparatoria,Extracción
18302.86,30,6.9,2,Secundaria,Mantenimiento
22586.18,44,14.0,4,Secundaria,Extracción
12801.22,49,6.2,32,Universidad,Mantenimiento
12933.79,26,6.1,23,Preparatoria,Extracción
17841.31,31,32.7,16,Preparatoria,Extracción
16682.05,36,9.9,13,Secundaria,Extracción
20409.46,38,4.1,51,Universidad,Mantenimiento
16368.57,30,8.6,2,Preparatoria,Extracción
13350.27,39,3.5,7,Secundaria,Mantenimiento
16390.1,32,1.8,9,Secundaria,Procesamiento
18047.85,36,6.4,31,Preparatoria,Mantenimiento
17125.54,40,18.4,98,Universidad,Procesamiento
16123.28,36,18.5,6,Universidad,Extracción
17913.36,33,2.9,41,Preparatoria,Mantenimiento
18241.75,35,5.3,36,Universidad,Extracción
18922.91,35,1.7,5,Secundaria,Procesamiento
16575.87,33,38.0,10,Preparatoria,Extracción
13965.22,34,27.8,11,Universidad,Mantenimiento
14969.48,49,7.3,77,Secundaria,Administración
18360.83,40,11.4,4,Universidad,Procesamiento
11885.81,34,8.8,32,Secundaria,Procesamiento
15679.75,42,6.3,8,Preparatoria,Mantenimiento
13241.32,33,0.4,26,Preparatoria,Extracción
14591.98,45,4.2,11,Preparatoria,Administración
18591.05,39,7.9,17,Universidad,Extracción
15111.52,35,7.9,36,Secundaria,Administración
14648.6,40,3.3,33,Universidad,Mantenimiento
10148.46,23,19.9,40,Preparatoria,Mantenimiento
16888.01,27,1.3,1,Preparatoria,Mantenimiento
16565.55,26,4.9,24,Posgrado,Procesamiento
21422.42,37,8.2,3,Universidad,Procesamiento
13515.11,50,8.4,11,Secundaria,Extracción
15201.28,54,7.3,16,Universidad,Procesamiento
15298.03,41,2.3,10,Secundaria,Procesamiento
19547.85,40,1.2,15,Secundaria,Administración
14195.05,22,7.1,113,Preparatoria,Procesamiento
15392.87,32,6.4,3,Posgrado,Extracción
16445.27,30,1.4,23,Secundaria,Extracción
15097.15,31,8.5,10,Universidad,Mantenimiento
13071.41,35,4.3,3,Secundaria,Extracción
15121.09,32,7.7,3,Universidad,Extracción
17935.62,20,12.7,60,Preparatoria,Mantenimiento
11215.15,42,1.3,42,Universidad,Procesamiento
14925.5,27,0.1,48,Secundaria,Procesamiento
12259.61,38,10.6,95,Universidad,Extracción
18324.15,53,6.6,5,Posgrado,Mantenimiento
9625.8,29,8.4,9,Universidad,Extracción
12711.45,18,12.7,22,Preparatoria,Mantenimiento
15707.08,34,11.4,13,Universidad,Extracción
19509.68,45,22.7,11,Secundaria,Administración
14289.6,52,5.4,9,Universidad,Procesamiento
12723.36,26,4.7,18,Universidad,Procesamiento
20519.7,40,3.6,17,Secundaria,Procesamiento
9866.36,32,1.2,4,Preparatoria,Procesamiento
8000.0,35,6.0,13,Secundaria,Extracción
15908.05,57,2.3,16,Preparatoria,Mantenimiento
12893.43,24,17.8,17,Preparatoria,Extracción
11232.05,38,6.1,5,Preparatoria,Administración
16766.74,40,6.3,27,Preparatoria,Mantenimiento
15280.16,45,3.1,1,Secundaria,Extracción
12694.95,37,0.4,9,Preparatoria,Mantenimiento
10403.03,38,0.2,30,Secundaria,Procesamiento
17291.86,33,3.9,17,Universidad,Extracción
16580.64,38,0.6,6,Secundaria,Administración
14182.64,33,6.5,24,Universidad,Mantenimiento
20409.24,41,14.9,17,Preparatoria,Procesamiento
11075.73,33,15.0,32,Preparatoria,Procesamiento
9618.32,39,7.5,27,Universidad,Extracción
12285.89,36,1.7,19,Preparatoria,Administración
14354.12,45,13.9,13,Preparatoria,Extracción
15278.69,36,15.2,3,Secundaria,Extracción
13728.04,22,1.5,6,Preparatoria,Procesamiento
15626.58,46,9.4,11,Secundaria,Procesamiento
10495.07,29,2.4,18,Secundaria,Procesamiento
19120.05,31,11.4,14,Preparatoria,Extracción
14237.12,31,41.2,7,Secundaria,Extracción
18075.35,47,0.2,1,Secundaria,Extracción
15596.72,19,15.9,14,Secundaria,Administración
15961.61,61,6.8,7,Secundaria,Extracción
16323.26,44,25.4,27,Secundaria,Mantenimiento
15932.67,38,4.4,1,Posgrado,Mantenimiento
16556.71,36,13.2,18,Secundaria,Mantenimiento
18753.29,38,0.5,57,Preparatoria,Administración
15128.87,40,2.9,4,Secundaria,Extracción
16768.81,41,0.5,13,Universidad,Extracción
14212.85,40,25.9,2,Secundaria,Procesamiento
19108.38,37,11.9,20,Posgrado,Extracción
12335.54,34,13.4,16,Preparatoria,Mantenimiento
20263.01,35,19.5,10,Secundaria,Mantenimiento
14371.49,34,0.6,15,Universidad,Administración
9921.52,45,3.4,45,Preparatoria,Extracción
14909.93,41,0.5,4,Secundaria,Administración
12320.63,18,1.7,1,Universidad,Extracción
17190.06,41,1.8,40,Universidad,Procesamiento
12411.6,38,4.4,17,Preparatoria,Procesamiento
13072.21,36,2.2,44,Preparatoria,Mantenimiento
8453.47,33,0.7,18,Universidad,Procesamiento
13052.62,45,1.3,33,Universidad,Administración
8000.0,44,1.1,11,Universidad,Administración
9431.51,30,25.3,28,Universidad,Administración
16933.33,39,10.0,49,Secundaria,Extracción
17014.56,28,24.0,17,Posgrado,Administración
15861.46,25,4.1,4,Secundaria,Mantenimiento
11405.68,31,2.3,6,Secundaria,Extracción
14347.32,43,11.2,4,Preparatoria,Extracción
14488.47,44,2.8,6,Preparatoria,Extracción
10793.23,40,2.5,7,Secundaria,Extracción
19310.87,42,1.9,16,Universidad,Procesamiento
17307.56,40,1.0,18,Preparatoria,Administración
13792.91,31,2.1,11,Preparatoria,Procesamiento
14586.03,39,3.1,19,Universidad,Procesamiento
15166.82,42,7.8,2,Preparatoria,Administración
8000.0,42,0.5,2,Secundaria,Extracción
13709.03,46,1.7,4,Secundaria,Administración
12317.65,42,11.6,15,Posgrado,Procesamiento
11294.82,39,1.1,5,Secundaria,Procesamiento
13600.48,45,2.9,7,Preparatoria,Extracción
20252.6,36,14.0,10,Preparatoria,Procesamiento
16550.7,29,1.2,33,Preparatoria,Extracción
12672.23,35,0.6,1,Secundaria,Mantenimiento
16332.26,30,4.6,21,Preparatoria,Extracción
