No. Control,Alumno,Semestre,Cr. Apr.,Carga,Promedio,Carrera
20190001,1,11,198,19,80.21,SISTEMAS
20190002,2,11,235,10,84.33,SISTEMAS
20190003,3,9,235,10,95.25,SISTEMAS
20190004,4,9,226,19,95,SISTEMAS
20190005,5,10,231,14,82.32,SISTEMAS
20190006,6,9,212,23,95.02,SISTEMAS
20190007,7,12,221,10,79.06,SISTEMAS
20190008,8,9,226,9,92.47,SISTEMAS
20190009,9,9,231,4,91.08,SISTEMAS
20190010,10,11,222,13,80.42,SISTEMAS
20190011,11,11,235,10,81.53,SISTEMAS
20190012,12,10,179,23,82.69,SISTEMAS
20190013,13,9,226,19,96.27,SISTEMAS
20190014,14,9,226,9,94.27,SISTEMAS
20190015,15,10,235,10,85.14,SISTEMAS
20190016,16,9,231,4,89.02,SISTEMAS
20190017,17,9,221,14,90.5,SISTEMAS
20190018,18,10,212,23,85.39,SISTEMAS
20190019,19,9,212,19,85.13,SISTEMAS
20190020,20,11,165,33,78,SISTEMAS
20190021,21,9,221,14,90.81,SISTEMAS
20190022,22,10,189,18,84.59,SISTEMAS
20190023,23,9,215,20,89.02,SISTEMAS
20190024,24,12,215,15,82.66,SISTEMAS
20190025,25,11,230,15,84.02,SISTEMAS
20190026,26,11,235,10,83.84,SISTEMAS
20190027,27,10,235,10,83.92,SISTEMAS
20190028,28,11,160,28,81.46,SISTEMAS
20190029,29,13,205,30,79.56,SISTEMAS
20190030,30,11,226,9,81.78,SISTEMAS
20190031,31,11,226,9,86.88,SISTEMAS
20190032,32,9,231,4,89.4,SISTEMAS
20190033,33,8,191,28,85.07,SISTEMAS
20190034,34,11,177,29,83.92,SISTEMAS
20190035,35,10,209,26,82.76,SISTEMAS
20190036,36,13,231,4,83.86,SISTEMAS
20190037,37,9,174,33,83.55,SISTEMAS
20190038,38,12,197,18,83.23,SISTEMAS
20190039,39,9,222,13,92.21,SISTEMAS
20190040,40,9,217,18,92,SISTEMAS
20190041,41,9,221,14,95.75,SISTEMAS
20190042,42,9,212,19,87.72,SISTEMAS
20190043,43,13,227,8,80.53,SISTEMAS
20190044,44,10,226,9,82.73,SISTEMAS
20190045,45,13,230,5,85.04,SISTEMAS
20190046,46,9,221,14,90.71,SISTEMAS
20190047,47,9,222,13,95.81,SISTEMAS
20190048,48,9,212,4,91.28,SISTEMAS
20190049,49,9,226,9,88.94,SISTEMAS
20190050,50,10,203,23,84.68,SISTEMAS
20190051,51,9,173,24,83.53,SISTEMAS
20190052,52,10,138,31,79.33,SISTEMAS
20190053,53,9,231,4,86.86,SISTEMAS
20190054,54,13,235,10,80.88,SISTEMAS
20190055,55,10,105,18,76.17,SISTEMAS
20190056,56,10,227,8,82.33,SISTEMAS
20190057,57,9,226,4,89.1,SISTEMAS
20190058,58,9,200,25,83.66,SISTEMAS
20190059,59,11,165,19,80.42,SISTEMAS
20190060,60,9,226,9,94.2,SISTEMAS
20190061,61,11,220,10,83.23,SISTEMAS
20190062,62,12,219,16,80.69,SISTEMAS
20190063,63,9,235,10,91.8,SISTEMAS
20190064,64,11,231,4,86,SISTEMAS
20190065,65,9,188,29,86.8,SISTEMAS
20190066,66,9,231,4,93.14,SISTEMAS
20190067,67,9,231,4,94.16,SISTEMAS
20190068,68,10,227,8,81.96,SISTEMAS
20190069,69,9,222,13,86.54,SISTEMAS
20190070,70,11,212,14,83.59,SISTEMAS
20190071,71,10,208,22,80.62,SISTEMAS
20190072,72,9,226,9,91.71,SISTEMAS
20190073,73,9,226,4,87.31,SISTEMAS
20190074,74,10,230,15,83.94,SISTEMAS
20190075,75,1,,27,0,SISTEMAS
20190076,76,1,,27,0,SISTEMAS
20190077,77,1,,27,0,SISTEMAS
20190078,78,8,180,26,82.62,SISTEMAS
20190079,79,3,55,28,88.5,SISTEMAS
20190080,80,7,165,34,89.61,SISTEMAS
20190081,81,8,199,27,88.26,SISTEMAS
20190082,82,7,155,35,89.29,SISTEMAS
20190083,83,1,,27,0,SISTEMAS
20190084,84,7,165,34,82.5,SISTEMAS
20190085,85,1,,27,0,SISTEMAS
20190086,86,1,,27,0,SISTEMAS
20190087,87,7,165,34,88.83,SISTEMAS
20190088,88,3,55,28,86.58,SISTEMAS
20190089,89,4,83,29,90.17,SISTEMAS
20190090,90,4,49,32,82.64,SISTEMAS
20190091,91,7,85,32,84.11,SISTEMAS
20190092,92,7,165,34,93.31,SISTEMAS
20190093,93,5,112,25,87.75,SISTEMAS
20190094,94,7,83,33,85.39,SISTEMAS
20190095,95,8,165,31,82.86,SISTEMAS
20190096,96,5,63,24,82.71,SISTEMAS
20190097,97,7,115,28,81.36,SISTEMAS
20190098,98,2,27,28,86.67,SISTEMAS
20190099,99,1,,27,0,SISTEMAS
20190100,100,4,36,29,85.13,SISTEMAS
20190101,101,2,27,28,93.17,SISTEMAS
20190102,102,8,175,36,83.37,SISTEMAS
20190103,103,6,102,18,82.14,SISTEMAS
20190104,104,3,50,33,86.55,SISTEMAS
20190105,105,7,169,34,92.27,SISTEMAS
20190106,106,1,,27,0,SISTEMAS
20190107,107,4,83,29,85.61,SISTEMAS
20190108,108,6,137,28,88.6,SISTEMAS
20190109,109,4,83,29,83.39,SISTEMAS
20190110,110,5,112,25,86.17,SISTEMAS
20190111,111,1,,27,0,SISTEMAS
20190112,112,5,112,25,86.83,SISTEMAS
20190113,113,5,79,23,81.06,SISTEMAS
20190114,114,3,22,13,85,SISTEMAS
20190115,115,3,55,28,85.33,SISTEMAS
20190116,116,7,165,34,93.67,SISTEMAS
20190117,117,2,27,28,88.67,SISTEMAS
20190118,118,1,,27,0,SISTEMAS
20190119,119,3,50,28,86.55,SISTEMAS
20190120,120,3,55,28,92.25,SISTEMAS
20190121,121,3,50,28,89.45,SISTEMAS
20190122,122,1,,27,0,SISTEMAS
20190123,123,4,59,34,84.08,SISTEMAS
20190124,124,1,,27,0,SISTEMAS
20190125,125,1,,27,0,SISTEMAS
20190126,126,1,,27,0,SISTEMAS
20190127,127,4,68,34,80.53,SISTEMAS
20190128,128,8,208,27,91.93,SISTEMAS
20190129,129,8,185,31,84.63,SISTEMAS
20190130,130,4,87,33,87.89,SISTEMAS
20190131,131,5,112,25,91.92,SISTEMAS
20190132,132,3,37,14,81,SISTEMAS
20190133,133,1,,27,0,SISTEMAS
20190134,134,1,,27,0,SISTEMAS
20190135,135,7,133,27,81.86,SISTEMAS
20190136,136,5,63,27,85.64,SISTEMAS
20190137,137,9,98,19,76.68,SISTEMAS
20190138,138,8,199,27,87.93,SISTEMAS
20190139,139,8,204,27,91.5,SISTEMAS
20190140,140,7,165,34,93.08,SISTEMAS
20190141,141,5,84,35,81.5,SISTEMAS
20190142,142,3,36,23,89.13,SISTEMAS
20190143,143,7,192,29,91.93,SISTEMAS
20190144,144,1,,27,0,SISTEMAS
20190145,145,1,,27,0,SISTEMAS
20190146,146,7,170,34,86.03,SISTEMAS
20190147,147,7,156,22,84.09,SISTEMAS
20190148,148,5,107,30,82.57,SISTEMAS
20190149,149,5,84,28,82.5,SISTEMAS
20190150,150,4,83,29,85.33,SISTEMAS
20190151,151,2,22,28,82.2,SISTEMAS
20190152,152,4,51,32,84.64,SISTEMAS
20190153,153,1,,27,0,SISTEMAS
20190154,154,4,79,33,84.29,SISTEMAS
20190155,155,1,,27,0,SISTEMAS
20190156,156,7,170,29,88.86,SISTEMAS
20190157,157,1,,27,0,SISTEMAS
20190158,158,1,,27,0,SISTEMAS
20190159,159,8,133,23,81.31,SISTEMAS
20190160,160,7,142,26,82.65,SISTEMAS
20190161,161,2,22,28,81.6,SISTEMAS
20190162,162,3,55,28,91.75,SISTEMAS
20190163,163,7,164,34,88.11,SISTEMAS
20190164,164,8,180,32,90.51,SISTEMAS
20190165,165,7,170,33,91.08,SISTEMAS
20190166,166,8,180,32,90.05,SISTEMAS
20190167,167,8,165,34,81.64,SISTEMAS
20190168,168,7,112,25,87.33,SISTEMAS
20190169,169,7,170,29,90.76,SISTEMAS
20190170,170,1,,27,0,SISTEMAS
20190171,171,1,,27,0,SISTEMAS
20190172,172,7,160,34,87.26,SISTEMAS
20190173,173,8,156,27,83.74,SISTEMAS
20190174,174,1,,27,0,SISTEMAS
20190175,175,3,50,33,90.91,SISTEMAS
20190176,176,3,34,20,82.5,SISTEMAS
20190177,177,1,,27,0,SISTEMAS
20190178,178,8,199,32,91.84,SISTEMAS
20190179,179,8,155,29,82.15,SISTEMAS
20190180,180,4,59,35,84.08,SISTEMAS
20190181,181,2,22,28,88.8,SISTEMAS
20190182,182,7,165,34,87.14,SISTEMAS
20190183,183,4,74,35,82.63,SISTEMAS
20190184,184,5,116,26,92.64,SISTEMAS
20190185,185,4,78,29,84.24,SISTEMAS
20190186,186,3,41,28,83.89,SISTEMAS
20190187,187,7,170,29,87.81,SISTEMAS
20190188,188,8,160,30,82.06,SISTEMAS
20190189,189,1,,27,0,SISTEMAS
20190190,190,4,83,29,88.11,SISTEMAS
20190191,191,7,111,32,85.04,SISTEMAS
20190192,192,3,50,29,86.91,SISTEMAS
20190193,193,8,200,22,86.47,SISTEMAS
20190194,194,8,184,32,88.55,SISTEMAS
20190195,195,7,165,34,92.61,SISTEMAS
20190196,196,8,208,27,87.53,SISTEMAS
20190197,197,4,73,34,83.13,SISTEMAS
20190198,198,1,,27,0,SISTEMAS
20190199,199,1,,27,0,SISTEMAS
20190200,200,7,107,17,79.26,SISTEMAS
20190201,201,7,146,33,85.34,SISTEMAS
20190202,202,3,50,28,80.73,SISTEMAS
20190203,203,8,141,32,81.68,SISTEMAS
20190204,204,1,,27,0,SISTEMAS
20190205,205,2,27,28,87,SISTEMAS
20190206,206,3,46,32,83.6,SISTEMAS
20190207,207,6,137,28,87.3,SISTEMAS
20190208,208,5,107,32,83,SISTEMAS
20190209,209,3,17,19,79,SISTEMAS
20190210,210,4,65,28,81.29,SISTEMAS
20190211,211,3,40,20,81.22,SISTEMAS
20190212,212,6,133,32,84.69,SISTEMAS
20190213,213,5,112,25,84.88,SISTEMAS
20190214,214,1,,27,0,SISTEMAS
20190215,215,4,68,35,83.07,SISTEMAS
20190216,216,4,55,27,82.33,SISTEMAS
20190217,217,1,,27,0,SISTEMAS
20190218,218,1,,27,0,SISTEMAS
20190219,219,6,153,32,84.3,SISTEMAS
20190220,220,8,190,32,85.51,SISTEMAS
20190221,221,5,112,25,84,SISTEMAS
20190222,222,8,183,33,82.17,SISTEMAS
20190223,223,4,37,32,81.75,SISTEMAS
20190224,224,1,,27,0,SISTEMAS
20190225,225,6,137,28,89.43,SISTEMAS
20190226,226,6,128,32,83.18,SISTEMAS
20190227,227,3,55,33,81.17,SISTEMAS
20190228,228,3,50,28,84.55,SISTEMAS
20190229,229,3,50,33,85.73,SISTEMAS
20190230,230,8,189,32,89.1,SISTEMAS
20190231,231,7,133,28,87.86,SISTEMAS
20190232,232,3,50,29,88.73,SISTEMAS
20190233,233,3,36,33,80.13,SISTEMAS
20190234,234,7,105,22,84,SISTEMAS
20190235,235,1,,27,0,SISTEMAS
20190236,236,1,,27,0,SISTEMAS
20190237,237,1,,27,0,SISTEMAS
20190238,238,5,112,25,87.79,SISTEMAS
20190239,239,6,129,31,83.89,SISTEMAS
20190240,240,2,27,28,92.33,SISTEMAS
20190241,241,5,112,25,91.63,SISTEMAS
20190242,242,7,160,34,91.14,SISTEMAS
20190243,243,8,179,32,87.97,SISTEMAS
20190244,244,5,112,25,87.54,SISTEMAS
20190245,245,7,165,34,88.22,SISTEMAS
20190246,246,1,,27,0,SISTEMAS
20190247,247,2,22,28,82.6,SISTEMAS
20190248,248,7,165,34,87.36,SISTEMAS
20190249,249,5,112,25,92,SISTEMAS
20190250,250,8,175,32,88.45,SISTEMAS
20190251,251,8,172,26,83.7,SISTEMAS
20190252,252,1,,27,0,SISTEMAS
20190253,253,3,26,29,79,SISTEMAS
20190254,254,3,27,20,83.17,SISTEMAS
20190255,255,8,204,27,89.77,SISTEMAS
20190256,256,5,116,26,87.64,SISTEMAS
20190257,257,3,55,28,90.75,SISTEMAS
20190258,258,5,65,27,82.29,SISTEMAS
20190259,259,5,102,26,87.77,SISTEMAS
20190260,260,1,,27,0,SISTEMAS
20190261,261,4,78,29,81.18,SISTEMAS
20190262,262,8,173,34,86.24,SISTEMAS
20190263,263,1,,27,0,SISTEMAS
20190264,264,8,99,20,80.36,SISTEMAS
20190265,265,5,112,25,89.04,SISTEMAS
20190266,266,3,50,28,87.36,SISTEMAS
20190267,267,3,55,28,92.17,SISTEMAS
20190268,268,7,146,33,85.97,SISTEMAS
20190269,269,1,,27,0,SISTEMAS
20190270,270,5,112,25,93.5,SISTEMAS
20190271,271,8,175,32,81.11,SISTEMAS
20190272,272,7,101,32,81.45,SISTEMAS
20190273,273,8,191,31,85.78,SISTEMAS
20190274,274,7,170,29,88.81,SISTEMAS
20190275,275,5,112,25,86.5,SISTEMAS
20190276,276,3,8,22,80,SISTEMAS
20190277,277,8,208,27,85.53,SISTEMAS
20190278,278,2,27,28,85.33,SISTEMAS
20190279,279,8,177,31,88.82,SISTEMAS
20190280,280,1,,27,0,SISTEMAS
20190281,281,3,45,23,86,SISTEMAS
20190282,282,4,74,33,80.56,SISTEMAS
20190283,283,8,191,31,85.1,SISTEMAS
20190284,284,7,119,33,84.27,SISTEMAS
20190285,285,7,128,32,83.39,SISTEMAS
20190286,286,1,,27,0,SISTEMAS
20190287,287,1,,27,0,SISTEMAS
20190288,288,2,22,32,83.2,SISTEMAS
20190289,289,4,78,34,85.53,SISTEMAS
20190290,290,5,111,28,90.17,SISTEMAS
20190291,291,1,,27,0,SISTEMAS
20190292,292,3,55,28,93.5,SISTEMAS
20190293,293,4,83,33,86.28,SISTEMAS
20190294,294,1,,27,0,SISTEMAS
20190295,295,5,101,36,84.05,SISTEMAS
20190296,296,1,,27,0,SISTEMAS
20190297,297,1,,27,0,SISTEMAS
20190298,298,7,155,34,83.18,SISTEMAS
20190299,299,1,,27,0,SISTEMAS
20190300,300,3,27,23,92.33,SISTEMAS
20190301,301,1,,27,0,SISTEMAS
20190302,302,1,,27,0,SISTEMAS
20190303,303,1,,27,0,SISTEMAS
20190304,304,7,169,34,91.7,SISTEMAS
20190305,305,5,112,25,84.96,SISTEMAS
20190306,306,4,87,33,93.26,SISTEMAS
20190307,307,2,27,28,77,SISTEMAS
20190308,308,4,83,29,91,SISTEMAS
20190309,309,3,50,33,90.55,SISTEMAS
20190310,310,7,165,34,82.47,SISTEMAS
20190311,311,3,55,33,96,SISTEMAS
20190312,312,4,88,36,90.53,SISTEMAS
20190313,313,3,55,28,86.75,SISTEMAS
20190314,314,7,132,33,85.34,SISTEMAS
20190315,315,5,111,21,90.67,SISTEMAS
20190316,316,1,,27,0,SISTEMAS
20190317,317,1,,27,0,SISTEMAS
20190318,318,5,78,34,85.29,SISTEMAS
20190319,319,5,112,25,88.38,SISTEMAS
20190320,320,7,165,34,88.31,SISTEMAS
20190321,321,3,55,28,87.5,SISTEMAS
20190322,322,3,50,28,89.64,SISTEMAS
20190323,323,7,133,32,82.59,SISTEMAS
20190324,324,3,55,28,83.58,SISTEMAS
20190325,325,7,164,35,84,SISTEMAS
20190326,326,2,27,28,80.33,SISTEMAS
20190327,327,8,170,27,83.76,SISTEMAS
20190328,328,1,,27,0,SISTEMAS
20190329,329,3,55,28,86.08,SISTEMAS
20190330,330,2,27,28,88.67,SISTEMAS
20190331,331,4,83,29,86.39,SISTEMAS
20190332,332,3,50,33,90.18,SISTEMAS
20190333,333,5,97,36,82.48,SISTEMAS
20190334,334,5,112,25,86.63,SISTEMAS
20190335,335,3,50,28,92,SISTEMAS
20190336,336,3,45,33,82.8,SISTEMAS
20190337,337,1,,27,0,SISTEMAS
20190338,338,2,23,28,88,SISTEMAS
20190339,339,6,137,28,85.83,SISTEMAS
20190340,340,1,,27,0,SISTEMAS
20190341,341,4,79,29,82.47,SISTEMAS
20190342,342,6,137,28,83.17,SISTEMAS
20190343,343,8,165,28,81.31,SISTEMAS
20190344,344,1,,27,0,SISTEMAS
20190345,345,4,73,34,86.94,SISTEMAS
20190346,346,5,112,25,93.46,SISTEMAS
20190347,347,5,116,30,91.24,SISTEMAS
20190348,348,5,75,20,80.31,SISTEMAS
20190349,349,7,133,27,82.97,SISTEMAS
20190350,350,1,,27,0,SISTEMAS
20190351,351,3,54,29,85.92,SISTEMAS
20190352,352,8,176,32,80.47,SISTEMAS
20190353,353,2,27,28,89.17,SISTEMAS
20190354,354,8,133,28,82.79,SISTEMAS
20190355,355,7,170,33,92.3,SISTEMAS
20190356,356,3,55,28,91.67,SISTEMAS
20190357,357,3,41,5,86.33,SISTEMAS
20190358,358,3,26,20,78.67,SISTEMAS
20190359,359,8,175,27,89.21,SISTEMAS
20190360,360,5,78,31,87.41,SISTEMAS
20190361,361,3,51,32,80.91,SISTEMAS
20190362,362,6,137,28,88.47,SISTEMAS
20190363,363,1,,27,0,SISTEMAS
20190364,364,6,137,28,89,SISTEMAS
20190365,365,1,,27,0,SISTEMAS
20190366,366,5,103,25,86.91,SISTEMAS
20190367,367,5,116,30,89.88,SISTEMAS
20190368,368,1,,27,0,SISTEMAS
20190369,369,4,41,10,81.56,SISTEMAS
20190370,370,1,,27,0,SISTEMAS
20190371,371,7,119,18,81.31,SISTEMAS
20190372,372,7,151,22,86.3,SISTEMAS
20190373,373,2,27,28,90,SISTEMAS
20190374,374,7,160,35,85.71,SISTEMAS
20190375,375,3,55,28,89.92,SISTEMAS
20190376,376,5,111,26,87.21,SISTEMAS
20190377,377,5,74,34,87.69,SISTEMAS
20190378,378,1,,27,0,SISTEMAS
20190379,379,7,87,21,82.58,SISTEMAS
20190380,380,4,69,29,79.73,SISTEMAS
20190381,381,3,32,18,83.71,SISTEMAS
20190382,382,5,112,25,85.92,SISTEMAS
20190383,383,2,27,28,85.17,SISTEMAS
20190384,384,3,50,33,86.91,SISTEMAS
20190385,385,5,120,26,92.31,SISTEMAS
20190386,386,8,175,33,82.34,SISTEMAS
20190387,387,2,22,23,86.6,SISTEMAS
20190388,388,5,89,25,86.58,SISTEMAS
20190389,389,2,27,28,88.17,SISTEMAS
20190390,390,5,107,30,80.26,SISTEMAS
20190391,391,2,27,28,81.83,SISTEMAS
20190392,392,8,180,27,81.97,SISTEMAS
20190393,393,3,55,28,93.58,SISTEMAS
20190394,394,3,50,28,88.55,SISTEMAS
20190395,395,1,,27,0,SISTEMAS
20190396,396,1,,27,0,SISTEMAS
20190397,397,1,,27,0,SISTEMAS
20190398,398,5,102,31,85.32,SISTEMAS
20190399,399,7,151,33,87,SISTEMAS
20190400,400,8,109,29,80.54,SISTEMAS
20190401,401,1,,27,0,SISTEMAS
20190402,402,4,78,34,84.12,SISTEMAS
20190403,403,3,55,28,92.42,SISTEMAS
20190404,404,4,73,34,83.5,SISTEMAS
20190405,405,4,63,33,76.64,SISTEMAS
20190406,406,1,,27,0,SISTEMAS
20190407,407,1,,27,0,SISTEMAS
20190408,408,3,21,20,80.2,SISTEMAS
20190409,409,3,55,28,82.5,SISTEMAS
20190410,410,3,22,22,80.4,SISTEMAS
20190411,411,7,165,34,82.78,SISTEMAS
20190412,412,2,27,28,88.33,SISTEMAS
20190413,413,2,22,28,81.4,SISTEMAS
20190414,414,6,137,28,84.87,SISTEMAS
20190415,415,3,39,24,80.78,SISTEMAS
20190416,416,3,55,28,95.17,SISTEMAS
20190417,417,8,123,32,81.07,SISTEMAS
20190418,418,2,26,24,83,SISTEMAS
20190419,419,5,112,25,90.75,SISTEMAS
20190420,420,5,65,19,83.93,SISTEMAS
20190421,421,5,33,9,81,SISTEMAS
20190422,422,2,27,28,82,SISTEMAS
20190423,423,7,89,27,80.26,SISTEMAS
20190424,424,1,,27,0,SISTEMAS
20190425,425,3,50,33,83.09,SISTEMAS
20190426,426,1,,27,0,SISTEMAS
20190427,427,2,27,28,89.33,SISTEMAS
20190428,428,6,132,33,85.69,SISTEMAS
20190429,429,4,64,34,81.64,SISTEMAS
20190430,430,2,,27,0,SISTEMAS
20190431,431,3,32,32,83,SISTEMAS
20190432,432,1,,27,0,SISTEMAS
20190433,433,7,137,28,89.7,SISTEMAS
20190434,434,8,191,31,84.88,SISTEMAS
20190435,435,1,,27,0,SISTEMAS
20190436,436,3,44,24,84.5,SISTEMAS
20190437,437,7,160,34,84.97,SISTEMAS
20190438,438,5,83,30,85.06,SISTEMAS
20190439,439,5,112,25,83.63,SISTEMAS
20190440,440,3,13,29,84,SISTEMAS
20190441,441,4,83,29,87.78,SISTEMAS
20190442,442,1,,27,0,SISTEMAS
20190443,443,7,160,34,90.34,SISTEMAS
20190444,444,5,106,26,83.61,SISTEMAS
20190445,445,7,78,33,77.47,SISTEMAS
20190446,446,2,27,28,82,SISTEMAS
20190447,447,3,55,28,85.5,SISTEMAS
20190448,448,1,,27,0,SISTEMAS
20190449,449,1,,27,0,SISTEMAS
20190450,450,4,78,29,84.59,SISTEMAS
20190451,451,8,183,27,86.15,SISTEMAS
20190452,452,2,27,28,84.5,SISTEMAS
20190453,453,9,219,16,89.98,ARQUITECTURA
20190454,454,9,227,8,91.96,ARQUITECTURA
20190455,455,7,155,16,83.39,ARQUITECTURA
20190456,456,9,148,24,80.39,ARQUITECTURA
20190457,457,11,162,24,83.09,ARQUITECTURA
20190458,458,9,168,25,81.83,ARQUITECTURA
20190459,459,9,174,28,83.38,ARQUITECTURA
20190460,460,9,227,8,87.45,ARQUITECTURA
20190461,461,12,203,28,83.86,ARQUITECTURA
20190462,462,9,217,18,85.42,ARQUITECTURA
20190463,463,9,223,12,95.91,ARQUITECTURA
20190464,464,9,227,8,90.36,ARQUITECTURA
20190465,465,9,227,8,87.98,ARQUITECTURA
20190466,466,10,209,22,83.4,ARQUITECTURA
20190467,467,9,227,8,90.72,ARQUITECTURA
20190468,468,10,167,15,80.24,ARQUITECTURA
20190469,469,10,227,10,89.47,ARQUITECTURA
20190470,470,9,198,29,83.33,ARQUITECTURA
20190471,471,10,166,24,81.67,ARQUITECTURA
20190472,472,9,217,18,84.71,ARQUITECTURA
20190473,473,10,227,10,90.68,ARQUITECTURA
20190474,474,9,114,30,81.08,ARQUITECTURA
20190475,475,9,171,28,87.21,ARQUITECTURA
20190476,476,10,178,28,77.27,ARQUITECTURA
20190477,477,10,190,8,87.17,ARQUITECTURA
20190478,478,12,221,6,86.83,ARQUITECTURA
20190479,479,9,223,12,84.74,ARQUITECTURA
20190480,480,12,206,17,83.58,ARQUITECTURA
20190481,481,9,221,14,90.09,ARQUITECTURA
20190482,482,9,223,12,89.89,ARQUITECTURA
20190483,483,12,197,16,79.95,ARQUITECTURA
20190484,484,8,198,21,88.17,ARQUITECTURA
20190485,485,9,223,12,91.91,ARQUITECTURA
20190486,486,10,146,28,84.87,ARQUITECTURA
20190487,487,10,219,16,85.85,ARQUITECTURA
20190488,488,12,220,13,82.53,ARQUITECTURA
20190489,489,12,194,16,79.63,ARQUITECTURA
20190490,490,10,223,4,82.89,ARQUITECTURA
20190491,491,9,223,12,89.83,ARQUITECTURA
20190492,492,9,227,8,89.32,ARQUITECTURA
20190493,493,9,223,12,94.5,ARQUITECTURA
20190494,494,10,153,29,82.15,ARQUITECTURA
20190495,495,12,223,4,80.33,ARQUITECTURA
20190496,496,9,196,39,88.9,ARQUITECTURA
20190497,497,10,227,10,88.7,ARQUITECTURA
20190498,498,9,227,8,87.38,ARQUITECTURA
20190499,499,11,219,16,84.91,ARQUITECTURA
20190500,500,10,202,21,83.71,ARQUITECTURA
20190501,501,11,107,10,81.17,ARQUITECTURA
20190502,502,9,227,8,91.23,ARQUITECTURA
20190503,503,10,213,16,83.38,ARQUITECTURA
20190504,504,11,160,16,81.54,ARQUITECTURA
20190505,505,10,204,19,83.98,ARQUITECTURA
20190506,506,10,227,10,91.6,ARQUITECTURA
20190507,507,11,219,16,90.24,ARQUITECTURA
20190508,508,9,207,16,83.64,ARQUITECTURA
20190509,509,9,211,24,85.45,ARQUITECTURA
20190510,510,12,178,29,82.34,ARQUITECTURA
20190511,511,9,223,12,88.54,ARQUITECTURA
20190512,512,9,223,4,90.24,ARQUITECTURA
20190513,513,10,227,10,84.53,ARQUITECTURA
20190514,514,9,209,14,86.58,ARQUITECTURA
20190515,515,9,227,10,90.91,ARQUITECTURA
20190516,516,11,186,16,78.92,ARQUITECTURA
20190517,517,9,166,30,84.27,ARQUITECTURA
20190518,518,9,166,25,88.06,ARQUITECTURA
20190519,519,9,162,12,81.56,ARQUITECTURA
20190520,520,10,153,29,79.67,ARQUITECTURA
20190521,521,9,213,22,85.2,ARQUITECTURA
20190522,522,9,221,14,90.48,ARQUITECTURA
20190523,523,10,215,12,82.51,ARQUITECTURA
20190524,524,12,227,10,92.36,ARQUITECTURA
20190525,525,9,205,20,85.64,ARQUITECTURA
20190526,526,8,163,15,86.83,ARQUITECTURA
20190527,527,12,211,24,82.7,ARQUITECTURA
20190528,528,9,215,16,88.59,ARQUITECTURA
20190529,529,10,172,12,79.97,ARQUITECTURA
20190530,530,10,190,16,82.18,ARQUITECTURA
20190531,531,10,219,8,84.5,ARQUITECTURA
20190532,532,10,204,9,81.19,ARQUITECTURA
20190533,533,12,223,14,84.37,ARQUITECTURA
20190534,534,10,178,21,80.21,ARQUITECTURA
20190535,535,9,198,29,88.31,ARQUITECTURA
20190536,536,11,174,17,82.68,ARQUITECTURA
20190537,537,9,170,12,86.33,ARQUITECTURA
20190538,538,10,210,17,84.7,ARQUITECTURA
20190539,539,10,179,32,83.97,ARQUITECTURA
20190540,540,9,223,12,85.72,ARQUITECTURA
20190541,541,9,205,20,84.74,ARQUITECTURA
20190542,542,10,186,16,79.95,ARQUITECTURA
20190543,543,9,134,30,82.79,ARQUITECTURA
20190544,544,9,209,18,88.19,ARQUITECTURA
20190545,545,10,186,15,81.45,ARQUITECTURA
20190546,546,10,221,6,84.41,ARQUITECTURA
20190547,547,9,215,17,88.18,ARQUITECTURA
20190548,548,9,117,20,78.74,ARQUITECTURA
20190549,549,9,218,17,88.69,ARQUITECTURA
20190550,550,10,160,20,84.97,ARQUITECTURA
20190551,551,11,174,24,83.95,ARQUITECTURA
20190552,552,10,213,22,85.51,ARQUITECTURA
20190553,553,1,,26,0,ARQUITECTURA
20190554,554,1,,26,0,ARQUITECTURA
20190555,555,6,123,27,82.85,ARQUITECTURA
20190556,556,1,,26,0,ARQUITECTURA
20190557,557,3,52,28,89.58,ARQUITECTURA
20190558,558,2,12,22,77.33,ARQUITECTURA
20190559,559,2,14,24,84,ARQUITECTURA
20190560,560,6,117,29,82.96,ARQUITECTURA
20190561,561,6,142,24,89.27,ARQUITECTURA
20190562,562,7,162,28,86.18,ARQUITECTURA
20190563,563,1,,26,0,ARQUITECTURA
20190564,564,6,110,30,82.92,ARQUITECTURA
20190565,565,2,26,26,86.5,ARQUITECTURA
20190566,566,5,90,36,84.9,ARQUITECTURA
20190567,567,5,110,32,90.42,ARQUITECTURA
20190568,568,5,106,36,89.87,ARQUITECTURA
20190569,569,1,,26,0,ARQUITECTURA
20190570,570,8,178,25,89.34,ARQUITECTURA
20190571,571,1,,26,0,ARQUITECTURA
20190572,572,1,,26,0,ARQUITECTURA
20190573,573,7,92,26,85.43,ARQUITECTURA
20190574,574,3,48,32,89,ARQUITECTURA
20190575,575,4,34,28,83.25,ARQUITECTURA
20190576,576,4,80,33,91.56,ARQUITECTURA
20190577,577,7,170,28,90,ARQUITECTURA
20190578,578,1,,26,0,ARQUITECTURA
20190579,579,4,80,30,89.11,ARQUITECTURA
20190580,580,7,166,32,90,ARQUITECTURA
20190581,581,7,186,25,91.79,ARQUITECTURA
20190582,582,4,76,30,87.35,ARQUITECTURA
20190583,583,4,80,30,94.11,ARQUITECTURA
20190584,584,5,34,23,88.38,ARQUITECTURA
20190585,585,3,28,22,81.57,ARQUITECTURA
20190586,586,3,52,28,88.75,ARQUITECTURA
20190587,587,6,142,24,94.8,ARQUITECTURA
20190588,588,4,80,30,90.28,ARQUITECTURA
20190589,589,8,198,25,89.98,ARQUITECTURA
20190590,590,4,80,30,92.78,ARQUITECTURA
20190591,591,6,96,36,83.36,ARQUITECTURA
20190592,592,3,52,24,94.75,ARQUITECTURA
20190593,593,7,170,32,83.64,ARQUITECTURA
20190594,594,1,,26,0,ARQUITECTURA
20190595,595,1,,26,0,ARQUITECTURA
20190596,596,3,56,28,84.85,ARQUITECTURA
20190597,597,1,,26,0,ARQUITECTURA
20190598,598,2,20,20,86.6,ARQUITECTURA
20190599,599,3,52,28,88.17,ARQUITECTURA
20190600,600,2,26,26,87.5,ARQUITECTURA
20190601,601,2,20,20,84.6,ARQUITECTURA
20190602,602,2,20,22,88,ARQUITECTURA
20190603,603,1,,26,0,ARQUITECTURA
20190604,604,1,,26,0,ARQUITECTURA
20190605,605,1,,26,0,ARQUITECTURA
20190606,606,2,26,26,88.83,ARQUITECTURA
20190607,607,5,110,32,90.58,ARQUITECTURA
20190608,608,2,18,26,85.5,ARQUITECTURA
20190609,609,2,12,12,77,ARQUITECTURA
20190610,610,6,142,24,89.67,ARQUITECTURA
20190611,611,2,12,22,75.33,ARQUITECTURA
20190612,612,1,,26,0,ARQUITECTURA
20190613,613,2,8,26,72,ARQUITECTURA
20190614,614,3,52,28,87.25,ARQUITECTURA
20190615,615,4,60,12,82.62,ARQUITECTURA
20190616,616,5,56,24,84.92,ARQUITECTURA
20190617,617,2,26,26,87.5,ARQUITECTURA
20190618,618,2,20,20,89.6,ARQUITECTURA
20190619,619,7,170,29,88.5,ARQUITECTURA
20190620,620,7,112,28,81.64,ARQUITECTURA
20190621,621,8,202,21,90.32,ARQUITECTURA
20190622,622,7,162,32,85.18,ARQUITECTURA
20190623,623,4,80,30,89.06,ARQUITECTURA
20190624,624,2,26,26,89,ARQUITECTURA
20190625,625,1,,26,0,ARQUITECTURA
20190626,626,4,50,27,80.17,ARQUITECTURA
20190627,627,8,186,29,87.23,ARQUITECTURA
20190628,628,2,26,26,89.67,ARQUITECTURA
20190629,629,2,20,20,86.6,ARQUITECTURA
20190630,630,1,,26,0,ARQUITECTURA
20190631,631,7,115,31,83.48,ARQUITECTURA
20190632,632,8,191,25,85.79,ARQUITECTURA
20190633,633,5,110,32,92,ARQUITECTURA
20190634,634,8,194,25,87.35,ARQUITECTURA
20190635,635,6,130,28,86,ARQUITECTURA
20190636,636,6,142,24,86,ARQUITECTURA
20190637,637,4,86,27,85.68,ARQUITECTURA
20190638,638,2,26,18,91.5,ARQUITECTURA
20190639,639,1,,26,0,ARQUITECTURA
20190640,640,2,18,22,80.75,ARQUITECTURA
20190641,641,8,194,25,84.83,ARQUITECTURA
20190642,642,6,136,26,88.14,ARQUITECTURA
20190643,643,3,38,28,81,ARQUITECTURA
20190644,644,2,26,26,90,ARQUITECTURA
20190645,645,3,48,28,91.09,ARQUITECTURA
20190646,646,2,26,26,85.33,ARQUITECTURA
20190647,647,6,124,26,83.85,ARQUITECTURA
20190648,648,7,170,28,88.5,ARQUITECTURA
20190649,649,2,22,22,82.4,ARQUITECTURA
20190650,650,6,139,23,90.17,ARQUITECTURA
20190651,651,7,137,29,82.77,ARQUITECTURA
20190652,652,5,92,21,91.43,ARQUITECTURA
20190653,653,2,26,26,90.33,ARQUITECTURA
20190654,654,6,138,24,87.1,ARQUITECTURA
20190655,655,2,26,26,85,ARQUITECTURA
20190656,656,5,94,30,85.9,ARQUITECTURA
20190657,657,8,211,20,91.28,ARQUITECTURA
20190658,658,5,110,32,90.04,ARQUITECTURA
20190659,659,1,,26,0,ARQUITECTURA
20190660,660,1,,26,0,ARQUITECTURA
20190661,661,3,52,28,83.42,ARQUITECTURA
20190662,662,2,20,20,81.6,ARQUITECTURA
20190663,663,7,151,23,85.22,ARQUITECTURA
20190664,664,1,,26,0,ARQUITECTURA
20190665,665,1,,26,0,ARQUITECTURA
20190666,666,8,198,25,86.95,ARQUITECTURA
20190667,667,3,52,28,88.58,ARQUITECTURA
20190668,668,8,182,17,85.03,ARQUITECTURA
20190669,669,4,80,30,93.94,ARQUITECTURA
20190670,670,2,26,26,85.17,ARQUITECTURA
20190671,671,8,134,24,85.4,ARQUITECTURA
20190672,672,6,133,27,92.39,ARQUITECTURA
20190673,673,5,102,29,89.22,ARQUITECTURA
20190674,674,1,,26,0,ARQUITECTURA
20190675,675,2,22,22,77.6,ARQUITECTURA
20190676,676,2,26,26,90.67,ARQUITECTURA
20190677,677,6,139,27,88.03,ARQUITECTURA
20190678,678,1,,26,0,ARQUITECTURA
20190679,679,1,,26,0,ARQUITECTURA
20190680,680,1,,26,0,ARQUITECTURA
20190681,681,3,48,28,90.27,ARQUITECTURA
20190682,682,8,206,17,83.62,ARQUITECTURA
20190683,683,4,68,28,80.38,ARQUITECTURA
20190684,684,1,,26,0,ARQUITECTURA
20190685,685,1,,26,0,ARQUITECTURA
20190686,686,7,82,23,81.78,ARQUITECTURA
20190687,687,1,,26,0,ARQUITECTURA
20190688,688,1,,26,0,ARQUITECTURA
20190689,689,1,,26,0,ARQUITECTURA
20190690,690,3,52,28,86.08,ARQUITECTURA
20190691,691,6,101,29,90.36,ARQUITECTURA
20190692,692,5,106,32,85.96,ARQUITECTURA
20190693,693,2,22,22,83.8,ARQUITECTURA
20190694,694,8,198,25,84.85,ARQUITECTURA
20190695,695,8,198,25,88.8,ARQUITECTURA
20190696,696,1,,26,0,ARQUITECTURA
20190697,697,2,26,26,85.5,ARQUITECTURA
20190698,698,4,80,30,91.11,ARQUITECTURA
20190699,699,7,138,24,84.81,ARQUITECTURA
20190700,700,8,198,25,87.46,ARQUITECTURA
20190701,701,5,110,32,92.79,ARQUITECTURA
20190702,702,3,52,28,93.08,ARQUITECTURA
20190703,703,8,183,28,87.51,ARQUITECTURA
20190704,704,3,52,28,86.58,ARQUITECTURA
20190705,705,3,52,28,90.58,ARQUITECTURA
20190706,706,1,,26,0,ARQUITECTURA
20190707,707,7,166,32,91.26,ARQUITECTURA
20190708,708,1,,26,0,ARQUITECTURA
20190709,709,1,,26,0,ARQUITECTURA
20190710,710,1,,26,0,ARQUITECTURA
20190711,711,8,198,25,90.22,ARQUITECTURA
20190712,712,6,102,30,83.67,ARQUITECTURA
20190713,713,4,38,22,79,ARQUITECTURA
20190714,714,8,194,25,84.5,ARQUITECTURA
20190715,715,3,22,28,85.8,ARQUITECTURA
20190716,716,5,110,32,92.75,ARQUITECTURA
20190717,717,5,110,32,87.92,ARQUITECTURA
20190718,718,3,52,28,93.92,ARQUITECTURA
20190719,719,1,,26,0,ARQUITECTURA
20190720,720,1,,26,0,ARQUITECTURA
20190721,721,6,125,30,87.92,ARQUITECTURA
20190722,722,6,66,28,83.6,ARQUITECTURA
20190723,723,5,52,10,88.08,ARQUITECTURA
20190724,724,4,70,28,87.56,ARQUITECTURA
20190725,725,2,20,20,86,ARQUITECTURA
20190726,726,1,,26,0,ARQUITECTURA
20190727,727,6,139,27,88.48,ARQUITECTURA
20190728,728,5,98,32,85.86,ARQUITECTURA
20190729,729,8,198,25,86.83,ARQUITECTURA
20190730,730,7,167,28,88.03,ARQUITECTURA
20190731,731,4,56,32,82.92,ARQUITECTURA
20190732,732,2,125,13,82.07,ARQUITECTURA
20190733,733,4,26,32,80.67,ARQUITECTURA
20190734,734,7,128,30,83.59,ARQUITECTURA
20190735,735,7,178,25,86.22,ARQUITECTURA
20190736,736,5,60,29,80.31,ARQUITECTURA
20190737,737,2,20,20,90,ARQUITECTURA
20190738,738,8,194,25,89.67,ARQUITECTURA
20190739,739,1,,26,0,ARQUITECTURA
20190740,740,6,79,28,84.61,ARQUITECTURA
20190741,741,3,22,22,78.6,ARQUITECTURA
20190742,742,6,138,28,89.48,ARQUITECTURA
20190743,743,7,166,32,82.8,ARQUITECTURA
20190744,744,8,182,21,89.67,ARQUITECTURA
20190745,745,2,26,26,86.33,ARQUITECTURA
20190746,746,4,76,28,89.29,ARQUITECTURA
20190747,747,4,68,28,82.25,ARQUITECTURA
20190748,748,6,117,33,86.38,ARQUITECTURA
20190749,749,4,80,26,90.67,ARQUITECTURA
20190750,750,1,,26,0,ARQUITECTURA
20190751,751,7,166,32,87.69,ARQUITECTURA
20190752,752,6,139,24,87.45,ARQUITECTURA
20190753,753,4,52,28,86.58,ARQUITECTURA
20190754,754,3,52,28,93.5,ARQUITECTURA
20190755,755,2,22,24,78,ARQUITECTURA
20190756,756,7,82,23,80.44,ARQUITECTURA
20190757,757,8,190,25,83.35,ARQUITECTURA
20190758,758,2,32,26,87,ARQUITECTURA
20190759,759,1,,26,0,ARQUITECTURA
20190760,760,1,,26,0,ARQUITECTURA
20190761,761,5,110,32,87.25,ARQUITECTURA
20190762,762,1,,26,0,ARQUITECTURA
20190763,763,8,170,28,82.75,ARQUITECTURA
20190764,764,8,194,25,85.65,ARQUITECTURA
20190765,765,1,,26,0,ARQUITECTURA
20190766,766,6,142,24,93.93,ARQUITECTURA
20190767,767,3,52,28,91.25,ARQUITECTURA
20190768,768,2,26,26,85.33,ARQUITECTURA
20190769,769,2,20,20,89.6,ARQUITECTURA
20190770,770,1,,26,0,ARQUITECTURA
20190771,771,6,139,23,90.97,ARQUITECTURA
20190772,772,1,,26,0,ARQUITECTURA
20190773,773,1,,26,0,ARQUITECTURA
20190774,774,7,162,28,93.66,ARQUITECTURA
20190775,775,5,106,32,89.17,ARQUITECTURA
20190776,776,3,32,26,78.38,ARQUITECTURA
20190777,777,2,22,22,87.2,ARQUITECTURA
20190778,778,6,142,24,83.13,ARQUITECTURA
20190779,779,7,166,32,90.09,ARQUITECTURA
20190780,780,4,80,30,91.78,ARQUITECTURA
20190781,781,3,48,32,88.73,ARQUITECTURA
20190782,782,6,130,28,83.93,ARQUITECTURA
20190783,783,6,142,24,92.07,ARQUITECTURA
20190784,784,2,26,26,90.83,ARQUITECTURA
20190785,785,8,206,21,83.67,ARQUITECTURA
20190786,786,2,20,20,82,ARQUITECTURA
20190787,787,1,,26,0,ARQUITECTURA
20190788,788,1,,26,0,ARQUITECTURA
20190789,789,1,,26,0,ARQUITECTURA
20190790,790,1,,26,0,ARQUITECTURA
20190791,791,1,,26,0,ARQUITECTURA
20190792,792,6,142,24,89.83,ARQUITECTURA
20190793,793,7,152,26,82.38,ARQUITECTURA
20190794,794,8,186,25,81.79,ARQUITECTURA
20190795,795,8,206,21,89.48,ARQUITECTURA
20190796,796,7,116,34,81.12,ARQUITECTURA
20190797,797,2,12,22,91.67,ARQUITECTURA
20190798,798,1,,26,0,ARQUITECTURA
20190799,799,1,,26,0,ARQUITECTURA
20190800,800,8,173,25,82.58,ARQUITECTURA
20190801,801,8,149,22,80.78,ARQUITECTURA
20190802,802,4,76,30,88.29,ARQUITECTURA
20190803,803,6,134,24,84.28,ARQUITECTURA
20190804,804,1,,26,0,ARQUITECTURA
20190805,805,8,198,25,87.12,ARQUITECTURA
20190806,806,1,,22,0,ARQUITECTURA
20190807,807,3,48,32,89.82,ARQUITECTURA
20190808,808,6,139,28,86.07,ARQUITECTURA
20190809,809,3,12,20,79.67,ARQUITECTURA
20190810,810,2,8,20,78,ARQUITECTURA
20190811,811,7,128,18,81.59,ARQUITECTURA
20190812,812,8,150,20,82.48,ARQUITECTURA
20190813,813,2,20,20,88.2,ARQUITECTURA
20190814,814,1,,26,0,ARQUITECTURA
20190815,815,4,80,33,92.33,ARQUITECTURA
20190816,816,1,,26,0,ARQUITECTURA
20190817,817,3,52,28,91.33,ARQUITECTURA
20190818,818,1,,26,0,ARQUITECTURA
20190819,819,1,,26,0,ARQUITECTURA
20190820,820,5,102,31,86.09,ARQUITECTURA
20190821,821,8,135,20,82.86,ARQUITECTURA
20190822,822,3,48,32,90.45,ARQUITECTURA
20190823,823,3,52,28,88.67,ARQUITECTURA
20190824,824,6,132,30,82.96,ARQUITECTURA
20190825,825,2,26,26,86.67,ARQUITECTURA
20190826,826,7,162,36,81.41,ARQUITECTURA
20190827,827,4,72,33,83.81,ARQUITECTURA
20190828,828,1,,26,0,ARQUITECTURA
20190829,829,3,38,20,81.22,ARQUITECTURA
20190830,830,5,97,26,93.5,ARQUITECTURA
20190831,831,3,52,28,90.33,ARQUITECTURA
20190832,832,2,26,26,88.17,ARQUITECTURA
20190833,833,1,,26,0,ARQUITECTURA
20190834,834,1,,26,0,ARQUITECTURA
20190835,835,1,,26,0,ARQUITECTURA
20190836,836,1,,26,0,ARQUITECTURA
20190837,837,1,,26,0,ARQUITECTURA
20190838,838,1,,26,0,ARQUITECTURA
20190839,839,1,,26,0,ARQUITECTURA
20190840,840,5,110,32,92.29,ARQUITECTURA
20190841,841,3,54,32,83.58,ARQUITECTURA
20190842,842,5,110,32,93.08,ARQUITECTURA
20190843,843,3,16,22,89.75,ARQUITECTURA
20190844,844,4,80,30,89.72,ARQUITECTURA
20190845,845,1,,26,0,ARQUITECTURA
20190846,846,5,110,32,89.42,ARQUITECTURA
20190847,847,2,26,26,84.5,ARQUITECTURA
20190848,848,1,,26,0,ARQUITECTURA
20190849,849,8,114,20,77.46,ARQUITECTURA
20190850,850,5,66,20,84.19,ARQUITECTURA
20190851,851,2,22,22,85.4,ARQUITECTURA
20190852,852,2,20,20,90.4,ARQUITECTURA
20190853,853,2,24,22,87,ARQUITECTURA
20190854,854,2,20,20,83.8,ARQUITECTURA
20190855,855,8,146,20,79.94,ARQUITECTURA
20190856,856,1,,26,0,ARQUITECTURA
20190857,857,6,134,25,84.39,ARQUITECTURA
20190858,858,5,80,25,86.5,ARQUITECTURA
20190859,859,8,140,22,82.84,ARQUITECTURA
20190860,860,4,80,33,90.33,ARQUITECTURA
20190861,861,7,162,28,88.37,ARQUITECTURA
20190862,862,4,80,30,89.61,ARQUITECTURA
20190863,863,3,52,28,90,ARQUITECTURA
20190864,864,5,110,32,87.54,ARQUITECTURA
20190865,865,7,162,32,89.03,ARQUITECTURA
20190866,866,6,142,28,88.53,ARQUITECTURA
20190867,867,3,52,28,90.25,ARQUITECTURA
20190868,868,1,,26,0,ARQUITECTURA
20190869,869,2,26,26,87.17,ARQUITECTURA
20190870,870,2,20,26,86,ARQUITECTURA
20190871,871,7,166,32,87.94,ARQUITECTURA
20190872,872,7,166,28,86.17,ARQUITECTURA
20190873,873,8,195,28,92.55,ARQUITECTURA
20190874,874,5,87,31,89.1,ARQUITECTURA
20190875,875,4,70,32,85.75,ARQUITECTURA
20190876,876,3,52,28,89.83,ARQUITECTURA
20190877,877,8,189,25,83.67,ARQUITECTURA
20190878,878,3,44,22,88.2,ARQUITECTURA
20190879,879,3,52,28,90.33,ARQUITECTURA
20190880,880,6,139,27,87.59,ARQUITECTURA
20190881,881,4,80,30,90.72,ARQUITECTURA
20190882,882,5,100,30,84.09,ARQUITECTURA
20190883,883,6,91,30,85.53,ARQUITECTURA
20190884,884,2,22,22,82.4,ARQUITECTURA
20190885,885,3,24,18,79.5,ARQUITECTURA
20190886,886,1,,26,0,ARQUITECTURA
20190887,887,2,26,26,87,ARQUITECTURA
20190888,888,3,38,26,78.78,ARQUITECTURA
20190889,889,7,154,24,87.24,ARQUITECTURA
20190890,890,4,50,26,85.17,ARQUITECTURA
20190891,891,1,,26,0,ARQUITECTURA
20190892,892,1,,26,0,ARQUITECTURA
20190893,893,1,,26,0,ARQUITECTURA
20190894,894,1,,26,0,ARQUITECTURA
20190895,895,5,40,8,93.89,ARQUITECTURA
20190896,896,2,26,26,87.67,ARQUITECTURA
20190897,897,1,,26,0,ARQUITECTURA
20190898,898,2,16,20,83.5,ARQUITECTURA
20190899,899,6,146,28,85.19,ARQUITECTURA
20190900,900,1,,26,0,ARQUITECTURA
20190901,901,1,,26,0,ARQUITECTURA
20190902,902,3,48,24,87.36,ARQUITECTURA
20190903,903,4,76,34,83.65,ARQUITECTURA
20190904,904,4,74,30,85.82,ARQUITECTURA
20190905,905,3,52,28,96,ARQUITECTURA
20190906,906,5,80,30,94,ARQUITECTURA
20190907,907,1,,26,0,ARQUITECTURA
20190908,908,1,,26,0,ARQUITECTURA
20190909,909,1,,26,0,ARQUITECTURA
20190910,910,5,87,35,84,ARQUITECTURA
20190911,911,8,195,25,89.13,ARQUITECTURA
20190912,912,7,155,27,83.13,ARQUITECTURA
20190913,913,7,170,28,86.97,ARQUITECTURA
20190914,914,7,162,32,88.44,ARQUITECTURA
20190915,915,5,88,21,86.45,ARQUITECTURA
20190916,916,8,198,25,85.93,ARQUITECTURA
20190917,917,8,198,25,91.93,ARQUITECTURA
20190918,918,2,26,26,84.5,ARQUITECTURA
20190919,919,6,142,28,91.3,ARQUITECTURA
20190920,920,3,52,22,84.42,ARQUITECTURA
20190921,921,2,26,26,88.83,ARQUITECTURA
20190922,922,1,,26,0,ARQUITECTURA
20190923,923,4,80,30,93.39,ARQUITECTURA
20190924,924,2,20,20,87,ARQUITECTURA
20190925,925,4,80,30,93.39,ARQUITECTURA
20190926,926,1,,26,0,ARQUITECTURA
20190927,927,5,89,23,87.95,ARQUITECTURA
20190928,928,8,198,25,85.88,ARQUITECTURA
20190929,929,2,26,30,91,ARQUITECTURA
20190930,930,6,131,31,80.5,ARQUITECTURA
20190931,931,6,135,31,89.5,ARQUITECTURA
20190932,932,4,74,30,87.12,ARQUITECTURA
20190933,933,6,133,30,90.29,ARQUITECTURA
20190934,934,7,170,28,88.58,ARQUITECTURA
20190935,935,6,142,24,91.33,ARQUITECTURA
20190936,936,4,80,26,83.61,ARQUITECTURA
20190937,937,3,52,22,86.58,ARQUITECTURA
20190938,938,1,,26,0,ARQUITECTURA
20190939,939,4,88,25,95.25,ARQUITECTURA
20190940,940,6,138,24,84.66,ARQUITECTURA
20190941,941,4,40,18,79.6,ARQUITECTURA
20190942,942,5,88,30,83.32,ARQUITECTURA
20190943,943,1,,26,0,ARQUITECTURA
20190944,944,6,115,25,82.36,ARQUITECTURA
20190945,945,6,134,24,87.86,ARQUITECTURA
20190946,946,7,170,28,84.86,ARQUITECTURA
20190947,947,8,198,25,92.07,ARQUITECTURA
20190948,948,7,166,28,85.83,ARQUITECTURA
20190949,949,2,26,26,87.67,ARQUITECTURA
20190950,950,8,140,20,82.57,ARQUITECTURA
20190951,951,4,52,18,80.17,ARQUITECTURA
20190952,952,3,48,22,88.73,ARQUITECTURA
20190953,953,6,138,24,90,ARQUITECTURA
20190954,954,3,26,22,84.83,ARQUITECTURA
20190955,955,4,88,30,89.05,ARQUITECTURA
20190956,956,7,170,28,87.56,ARQUITECTURA
20190957,957,8,162,24,82.57,ARQUITECTURA
20190958,958,1,,26,0,ARQUITECTURA
20190959,959,4,80,30,84.17,ARQUITECTURA
20190960,960,1,,26,0,ARQUITECTURA
20190961,961,4,46,18,83.55,ARQUITECTURA
20190962,962,3,38,26,87.44,ARQUITECTURA
20190963,963,5,110,32,90.5,ARQUITECTURA
20190964,964,4,66,34,82.33,ARQUITECTURA
20190965,965,5,110,32,88.17,ARQUITECTURA
20190966,966,5,32,18,82.5,ARQUITECTURA
20190967,967,1,,26,0,ARQUITECTURA
20190968,968,2,20,20,86.2,ARQUITECTURA
20190969,969,1,,26,0,ARQUITECTURA
20190970,970,6,28,28,92.6,ARQUITECTURA
20190971,971,4,28,22,79.86,ARQUITECTURA
20190972,972,5,104,32,89.96,ARQUITECTURA
20190973,973,2,26,26,88.5,ARQUITECTURA
20190974,974,3,52,28,85.75,ARQUITECTURA
20190975,975,6,135,23,83.43,ARQUITECTURA
20190976,976,4,76,28,92.24,ARQUITECTURA
20190977,977,7,104,36,84.5,ARQUITECTURA
20190978,978,3,52,28,86.83,ARQUITECTURA
20190979,979,4,80,30,90.06,ARQUITECTURA
20190980,980,8,81,29,79.68,ARQUITECTURA
20190981,981,5,110,32,89.5,ARQUITECTURA
20190982,982,1,,26,0,ARQUITECTURA
20190983,983,4,80,30,90.67,ARQUITECTURA
20190984,984,6,120,28,85.59,ARQUITECTURA
20190985,985,1,,26,0,ARQUITECTURA
20190986,986,1,,26,0,ARQUITECTURA
20190987,987,1,,26,0,ARQUITECTURA
20190988,988,7,158,36,84.97,ARQUITECTURA
20190989,989,3,48,32,87,ARQUITECTURA
20190990,990,1,,26,0,ARQUITECTURA
20190991,991,4,72,31,88.25,ARQUITECTURA
20190992,992,4,72,26,87.38,ARQUITECTURA
20190993,993,7,127,14,84.68,ARQUITECTURA
20190994,994,2,26,26,86.5,ARQUITECTURA
20190995,995,7,166,32,85.6,ARQUITECTURA
20190996,996,7,174,28,87.59,ARQUITECTURA
20190997,997,2,20,26,84.2,ARQUITECTURA
20190998,998,1,,26,0,ARQUITECTURA
20190999,999,2,22,22,84.6,ARQUITECTURA
20191000,1000,1,,26,0,ARQUITECTURA
20191001,1001,3,52,24,90.5,ARQUITECTURA
20191002,1002,6,125,25,82.81,ARQUITECTURA
20191003,1003,2,26,26,90.33,ARQUITECTURA
20191004,1004,5,110,32,90.13,ARQUITECTURA
20191005,1005,1,,26,0,ARQUITECTURA
20191006,1006,7,139,23,88.79,ARQUITECTURA
20191007,1007,3,34,32,88.13,ARQUITECTURA
20191008,1008,2,26,26,92.33,ARQUITECTURA
20191009,1009,4,64,28,89.67,ARQUITECTURA
20191010,1010,1,,26,0,ARQUITECTURA
20191011,1011,7,186,25,90.26,ARQUITECTURA
20191012,1012,1,,26,0,ARQUITECTURA
20191013,1013,1,,26,0,ARQUITECTURA
20191014,1014,1,,26,0,ARQUITECTURA
20191015,1015,4,80,33,95.61,ARQUITECTURA
20191016,1016,6,142,24,88.6,ARQUITECTURA
20191017,1017,8,198,25,85.56,ARQUITECTURA
20191018,1018,2,26,26,87.83,ARQUITECTURA
20191019,1019,3,52,28,89.83,ARQUITECTURA
20191020,1020,5,58,20,84.62,ARQUITECTURA
20191021,1021,7,107,33,80.13,ARQUITECTURA
20191022,1022,1,,26,0,ARQUITECTURA
20191023,1023,2,4,18,70,ARQUITECTURA
20191024,1024,8,190,25,85.41,ARQUITECTURA
20191025,1025,5,98,23,85.59,ARQUITECTURA
20191026,1026,8,168,35,82.33,ARQUITECTURA
20191027,1027,6,138,24,84.55,ARQUITECTURA
20191028,1028,1,,26,0,ARQUITECTURA
20191029,1029,1,,26,0,ARQUITECTURA
20191030,1030,1,,26,0,ARQUITECTURA
20191031,1031,2,26,26,87.83,ARQUITECTURA
20191032,1032,6,118,20,83.63,ARQUITECTURA
20191033,1033,5,80,29,92.56,ARQUITECTURA
20191034,1034,7,166,32,86.74,ARQUITECTURA
20191035,1035,3,52,28,90.33,ARQUITECTURA
20191036,1036,1,,26,0,ARQUITECTURA
20191037,1037,4,64,30,84.8,ARQUITECTURA
20191038,1038,1,,26,0,ARQUITECTURA
20191039,1039,2,22,26,89.2,ARQUITECTURA
20191040,1040,3,48,32,92.18,ARQUITECTURA
20191041,1041,5,110,32,91.13,ARQUITECTURA
20191042,1042,5,102,25,87.17,ARQUITECTURA
20191043,1043,2,26,26,88.33,ARQUITECTURA
20191044,1044,8,119,20,79.08,ARQUITECTURA
20191045,1045,4,80,30,86.56,ARQUITECTURA
20191046,1046,6,135,27,88.79,ARQUITECTURA
20191047,1047,6,142,24,89.47,ARQUITECTURA
20191048,1048,5,110,32,95.33,ARQUITECTURA
20191049,1049,1,,26,0,ARQUITECTURA
20191050,1050,8,147,27,82.87,ARQUITECTURA
20191051,1051,6,127,24,88.19,ARQUITECTURA
20191052,1052,1,,26,0,ARQUITECTURA
20191053,1053,6,147,31,85.47,ARQUITECTURA
20191054,1054,5,92,18,86.52,ARQUITECTURA
20191055,1055,4,76,28,92.12,ARQUITECTURA
20191056,1056,4,68,30,80.8,ARQUITECTURA
20191057,1057,2,20,22,77.6,ARQUITECTURA
20191058,1058,7,159,32,84.18,ARQUITECTURA
20191059,1059,1,,26,0,ARQUITECTURA
20191060,1060,1,,26,0,ARQUITECTURA
20191061,1061,8,168,32,82.86,ARQUITECTURA
20191062,1062,5,98,30,85.23,ARQUITECTURA
20191063,1063,8,152,26,81.79,ARQUITECTURA
20191064,1064,2,20,20,84.6,ARQUITECTURA
20191065,1065,2,26,26,86.17,ARQUITECTURA
20191066,1066,1,,26,0,ARQUITECTURA
20191067,1067,1,,26,0,ARQUITECTURA
20191068,1068,1,,26,0,ARQUITECTURA
20191069,1069,8,200,23,90.29,ARQUITECTURA
20191070,1070,8,202,25,82.59,ARQUITECTURA
20191071,1071,3,48,32,85.64,ARQUITECTURA
20191072,1072,3,24,28,87.33,ARQUITECTURA
20191073,1073,4,68,30,86.53,ARQUITECTURA
20191074,1074,1,,26,0,ARQUITECTURA
20191075,1075,6,142,24,87.33,ARQUITECTURA
20191076,1076,5,110,32,86.88,ARQUITECTURA
20191077,1077,5,84,30,79.16,ARQUITECTURA
20191078,1078,6,125,29,85.37,ARQUITECTURA
20191079,1079,2,26,26,90.17,ARQUITECTURA
20191080,1080,2,4,22,90,ARQUITECTURA
20191081,1081,4,60,34,87.14,ARQUITECTURA
20191082,1082,2,26,26,86.5,ARQUITECTURA
20191083,1083,8,107,17,82.38,ARQUITECTURA
20191084,1084,5,102,27,93.82,ARQUITECTURA
20191085,1085,1,,26,0,ARQUITECTURA
20191086,1086,1,,26,0,ARQUITECTURA
20191087,1087,2,26,26,89,ARQUITECTURA
20191088,1088,6,79,27,84.67,ARQUITECTURA
20191089,1089,6,133,30,86.93,ARQUITECTURA
20191090,1090,4,80,30,86.72,ARQUITECTURA
20191091,1091,4,34,28,79.25,ARQUITECTURA
20191092,1092,3,40,24,88.56,ARQUITECTURA
20191093,1093,1,,26,0,ARQUITECTURA
20191094,1094,1,,26,0,ARQUITECTURA
20191095,1095,5,54,12,84.5,ARQUITECTURA
20191096,1096,2,26,26,89.67,ARQUITECTURA
20191097,1097,7,139,24,84.62,ARQUITECTURA
20191098,1098,2,26,26,89.5,ARQUITECTURA
20191099,1099,3,48,26,86.09,ARQUITECTURA
20191100,1100,6,100,20,86.64,ARQUITECTURA
20191101,1101,5,104,36,87.52,ARQUITECTURA
20191102,1102,3,52,28,88.33,ARQUITECTURA
20191103,1103,3,32,26,85.5,ARQUITECTURA
20191104,1104,5,110,32,87.5,ARQUITECTURA
20191105,1105,3,52,28,88.83,ARQUITECTURA
20191106,1106,1,,26,0,ARQUITECTURA
20191107,1107,2,26,26,84.5,ARQUITECTURA
20191108,1108,5,78,34,85.56,ARQUITECTURA
20191109,1109,5,110,32,87.33,ARQUITECTURA
20191110,1110,7,198,25,85.54,ARQUITECTURA
20191111,1111,2,26,26,92.33,ARQUITECTURA
20191112,1112,3,38,26,83.78,ARQUITECTURA
20191113,1113,8,178,29,86.29,ARQUITECTURA
20191114,1114,2,20,20,82.2,ARQUITECTURA
20191115,1115,4,56,26,83.85,ARQUITECTURA
20191116,1116,3,32,18,79.29,ARQUITECTURA
20191117,1117,1,,26,0,ARQUITECTURA
20191118,1118,1,,26,0,ARQUITECTURA
20191119,1119,1,,26,0,ARQUITECTURA
20191120,1120,8,198,25,87.1,ARQUITECTURA
20191121,1121,1,,26,0,ARQUITECTURA
20191122,1122,8,152,26,81.3,ARQUITECTURA
20191123,1123,6,93,17,85.1,ARQUITECTURA
20191124,1124,3,52,24,92.58,ARQUITECTURA
20191125,1125,3,56,28,89.15,ARQUITECTURA
20191126,1126,2,26,26,88.33,ARQUITECTURA
20191127,1127,1,,26,0,ARQUITECTURA
