"","no","edad","genero","peso","color","long.ala","long.pico","fecha","dia","mes"
"1",1,3,"HEMBRA",1.1435,"BLANCO",11.0007,2.1214,2022-04-03,3,4
"2",2,3,"MACHO",1.6129,"GRIS",14.6521,2.1962,2022-05-24,24,5
"3",3,2,"MACHO",2.2799,"GRIS",11.5749,1.8967,2022-04-12,12,4
"4",4,2,"MACHO",1.7981,"BLANCO",11.3307,2.0178,2022-04-03,3,4
"5",5,4,"HEMBRA",1.7003,"BLANCO",18.6756,1.8398,2022-04-01,1,4
"6",6,2,"MACHO",1.7404,"BLANCO",13.7977,1.878,2022-06-07,7,6
"7",7,4,"HEMBRA",1.6119,"GRIS",11.1785,1.4872,2022-05-19,19,5
"8",8,2,"HEMBRA",1.3376,"NEGRO",14.6298,1.6313,2022-06-10,10,6
"9",9,4,"MACHO",1.76,"GRIS",12.1617,1.9557,2022-06-05,5,6
"10",10,4,"MACHO",1.4799,"NEGRO",10.6694,1.7339,2022-05-10,10,5
"11",11,2,"HEMBRA",1.6914,"BLANCO",16.4465,1.9881,2022-04-01,1,4
"12",12,2,"HEMBRA",2.257,"NEGRO",14.5072,1.9983,2022-04-05,5,4
"13",13,2,"HEMBRA",1.1544,"GRIS",16.3487,1.5922,2022-04-30,30,4
"14",14,3,"MACHO",1.6226,"BLANCO",12.9225,1.885,2022-05-10,10,5
"15",15,2,"HEMBRA",1.2594,"GRIS",13.8966,2.1608,2022-04-06,6,4
"16",16,3,"HEMBRA",1.142,"BLANCO",10.8589,2.0479,2022-04-12,12,4
"17",17,3,"MACHO",1.5834,"BLANCO",12.6515,1.8767,2022-06-03,3,6
"18",18,3,"MACHO",1.6556,"NEGRO",10.0067,1.5671,2022-05-31,31,5
"19",19,4,"MACHO",1.6097,"NEGRO",14.0005,1.5655,2022-04-05,5,4
"20",20,4,"MACHO",1.7765,"GRIS",13.4616,1.918,2022-04-08,8,4
"21",21,3,"MACHO",1.5971,"GRIS",10.731,1.1744,2022-04-17,17,4
"22",22,3,"HEMBRA",1.6,"NEGRO",15.098,1.9098,2022-05-13,13,5
"23",23,2,"HEMBRA",1.8352,"NEGRO",13.1838,1.6491,2022-06-07,7,6
"24",24,4,"HEMBRA",1.3528,"NEGRO",13.2224,1.7082,2022-05-14,14,5
"25",25,2,"HEMBRA",1.7419,"GRIS",14.9776,1.7675,2022-04-26,26,4
"26",26,4,"MACHO",1.5598,"GRIS",12.6324,2.2395,2022-06-11,11,6
"27",27,3,"MACHO",2.1081,"NEGRO",13.4445,1.8023,2022-06-04,4,6
"28",28,3,"MACHO",1.6459,"NEGRO",11.3946,1.617,2022-05-20,20,5
"29",29,2,"MACHO",1.5333,"GRIS",8.9978,1.6207,2022-06-29,29,6
"30",30,3,"HEMBRA",1.329,"NEGRO",14.0892,1.5869,2022-06-16,16,6
"31",31,4,"MACHO",1.5675,"GRIS",14.5574,1.5872,2022-04-01,1,4
"32",32,3,"HEMBRA",1.8561,"NEGRO",15.812,1.8103,2022-06-26,26,6
"33",33,2,"HEMBRA",1.8532,"BLANCO",12.2495,1.737,2022-04-06,6,4
"34",34,2,"MACHO",1.2334,"GRIS",11.4049,2.1799,2022-04-24,24,4
"35",35,4,"MACHO",1.8355,"NEGRO",11.2211,1.8706,2022-05-09,9,5
"36",36,2,"HEMBRA",1.6393,"NEGRO",15.7816,1.3915,2022-06-30,30,6
"37",37,2,"MACHO",2.0479,"NEGRO",14.9336,2.0187,2022-04-03,3,4
"38",38,4,"MACHO",1.3561,"NEGRO",13.5239,1.6211,2022-06-07,7,6
"39",39,3,"HEMBRA",1.4056,"GRIS",11.1129,1.9781,2022-05-10,10,5
"40",40,4,"MACHO",2.0491,"BLANCO",13.7395,1.8425,2022-04-11,11,4
"41",41,2,"MACHO",1.4582,"GRIS",14.0491,1.7583,2022-05-24,24,5
"42",42,4,"MACHO",1.4264,"NEGRO",10.1959,1.8521,2022-04-10,10,4
"43",43,4,"MACHO",1.6908,"GRIS",12.2588,1.85,2022-05-08,8,5
"44",44,3,"HEMBRA",1.6186,"BLANCO",11.1394,2.1478,2022-06-12,12,6
"45",45,3,"HEMBRA",1.9378,"BLANCO",15.096,1.7542,2022-04-13,13,4
"46",46,3,"MACHO",1.4623,"NEGRO",10.9244,1.9678,2022-06-17,17,6
"47",47,4,"HEMBRA",1.1664,"BLANCO",12.1212,1.8733,2022-06-20,20,6
"48",48,2,"MACHO",1.7251,"NEGRO",14.1968,1.6351,2022-05-19,19,5
"49",49,4,"MACHO",1.2713,"BLANCO",17.1238,1.9968,2022-05-05,5,5
"50",50,3,"MACHO",1.7997,"NEGRO",11.8268,1.9044,2022-04-08,8,4
"51",51,2,"MACHO",1.5094,"BLANCO",12.917,1.8118,2022-05-10,10,5
"52",52,2,"MACHO",1.7434,"NEGRO",14.9423,1.6891,2022-04-23,23,4
"53",53,3,"MACHO",1.291,"BLANCO",12.7144,1.6894,2022-06-30,30,6
"54",54,3,"HEMBRA",2.0941,"GRIS",13.1996,2.3809,2022-06-08,8,6
"55",55,4,"MACHO",1.87,"BLANCO",12.3725,1.7052,2022-04-18,18,4
"56",56,4,"HEMBRA",1.6369,"GRIS",11.0457,1.7484,2022-04-23,23,4
"57",57,3,"HEMBRA",1.6639,"NEGRO",16.5736,1.4455,2022-06-17,17,6
"58",58,2,"MACHO",1.6348,"NEGRO",13.2016,1.4966,2022-04-06,6,4
"59",59,2,"HEMBRA",1.9387,"GRIS",14.1045,1.8883,2022-06-10,10,6
"60",60,3,"MACHO",2.3524,"BLANCO",11.3443,1.7827,2022-05-21,21,5
"61",61,4,"HEMBRA",1.7071,"NEGRO",14.6838,2.1485,2022-04-11,11,4
"62",62,3,"MACHO",1.1932,"BLANCO",14.4508,2.0136,2022-04-05,5,4
"63",63,4,"MACHO",1.5993,"GRIS",16.0826,1.7511,2022-05-21,21,5
"64",64,3,"HEMBRA",1.5803,"BLANCO",13.6305,2.0492,2022-05-21,21,5
"65",65,3,"HEMBRA",1.454,"NEGRO",16.1722,1.9348,2022-04-06,6,4
"66",66,4,"MACHO",1.7612,"NEGRO",12.8447,1.9139,2022-06-17,17,6
"67",67,3,"MACHO",2.3302,"GRIS",13.7886,1.6857,2022-05-09,9,5
"68",68,2,"HEMBRA",1.5507,"GRIS",12.7482,1.4918,2022-06-08,8,6
"69",69,2,"MACHO",1.9183,"BLANCO",10.8669,1.5497,2022-04-30,30,4
"70",70,4,"HEMBRA",1.997,"BLANCO",13.2102,1.9114,2022-05-26,26,5
"71",71,2,"MACHO",1.1988,"BLANCO",14.4771,1.7905,2022-06-26,26,6
"72",72,2,"MACHO",1.9083,"BLANCO",13.0791,2.0146,2022-04-04,4,4
"73",73,3,"MACHO",1.5688,"NEGRO",14.0087,1.8217,2022-06-07,7,6
"74",74,4,"MACHO",2.0033,"GRIS",13.5695,1.9141,2022-06-30,30,6
"75",75,2,"HEMBRA",2.0702,"BLANCO",12.5192,1.9177,2022-06-03,3,6
"76",76,2,"MACHO",1.5057,"BLANCO",13.6362,1.5531,2022-06-08,8,6
"77",77,3,"MACHO",1.5524,"BLANCO",10.6437,2.1018,2022-04-07,7,4
"78",78,4,"HEMBRA",1.7846,"BLANCO",9.2867,1.8103,2022-06-23,23,6
"79",79,4,"HEMBRA",1.6155,"NEGRO",10.782,1.7909,2022-06-08,8,6
"80",80,3,"HEMBRA",1.2146,"BLANCO",9.7245,2.1063,2022-05-11,11,5
"81",81,3,"HEMBRA",1.6467,"GRIS",9.846,1.9626,2022-06-15,15,6
"82",82,3,"MACHO",1.8844,"BLANCO",9.5629,2.1143,2022-06-05,5,6
"83",83,4,"MACHO",2.0225,"BLANCO",13.9934,1.641,2022-04-30,30,4
"84",84,3,"MACHO",2.1212,"BLANCO",11.9769,1.8339,2022-04-04,4,4
"85",85,4,"HEMBRA",1.1636,"GRIS",12.1388,1.812,2022-05-02,2,5
"86",86,4,"MACHO",1.6798,"BLANCO",14.3982,1.6014,2022-04-16,16,4
"87",87,2,"HEMBRA",1.4324,"BLANCO",11.3903,1.6384,2022-05-30,30,5
"88",88,4,"HEMBRA",1.9145,"BLANCO",14.4657,1.804,2022-04-17,17,4
"89",89,3,"MACHO",1.2963,"GRIS",17.0598,1.7659,2022-04-27,27,4
"90",90,2,"MACHO",1.4871,"GRIS",11.0742,1.8524,2022-04-29,29,4
"91",91,3,"MACHO",0.8753,"GRIS",12.0572,1.777,2022-05-27,27,5
"92",92,3,"MACHO",2.0351,"GRIS",12.6214,2.1715,2022-05-09,9,5
"93",93,2,"HEMBRA",1.4064,"GRIS",12.9306,1.8286,2022-05-26,26,5
"94",94,4,"HEMBRA",1.5272,"BLANCO",13.5245,1.7238,2022-05-12,12,5
"95",95,2,"MACHO",2.0729,"GRIS",12.796,2.0062,2022-06-07,7,6
"96",96,3,"MACHO",1.691,"GRIS",14.5992,1.526,2022-04-16,16,4
"97",97,4,"MACHO",1.8137,"GRIS",12.3923,1.9058,2022-06-18,18,6
"98",98,2,"HEMBRA",2.2378,"GRIS",12.7003,1.918,2022-04-06,6,4
"99",99,2,"HEMBRA",1.2498,"GRIS",14.9666,2.0688,2022-04-11,11,4
"100",100,3,"MACHO",1.9236,"GRIS",10.7534,1.9276,2022-04-25,25,4
"101",101,4,"MACHO",1.5641,"BLANCO",14.9936,2.0416,2022-04-08,8,4
"102",102,2,"MACHO",1.1988,"BLANCO",12.8084,1.4033,2022-06-09,9,6
"103",103,3,"HEMBRA",2.2902,"BLANCO",12.1751,1.9268,2022-04-12,12,4
"104",104,3,"HEMBRA",2.0274,"BLANCO",15.6652,2.1776,2022-04-29,29,4
"105",105,4,"HEMBRA",1.7239,"BLANCO",13.0783,1.6258,2022-06-25,25,6
"106",106,2,"HEMBRA",0.9493,"BLANCO",14.3879,1.7341,2022-05-20,20,5
"107",107,4,"HEMBRA",1.8706,"GRIS",11.1915,2.0864,2022-06-01,1,6
"108",108,4,"HEMBRA",1.6034,"NEGRO",15.1835,1.6367,2022-06-16,16,6
"109",109,2,"MACHO",1.5794,"BLANCO",14.1615,1.8883,2022-06-14,14,6
"110",110,2,"HEMBRA",1.8874,"BLANCO",14.9151,1.7991,2022-05-17,17,5
"111",111,4,"HEMBRA",1.5166,"NEGRO",10.7534,1.8996,2022-05-23,23,5
"112",112,3,"HEMBRA",1.4441,"GRIS",13.6915,1.5815,2022-05-31,31,5
"113",113,2,"HEMBRA",1.2477,"NEGRO",15.2923,2.0256,2022-05-13,13,5
"114",114,4,"MACHO",1.6055,"BLANCO",13.5859,2.2188,2022-06-17,17,6
"115",115,2,"HEMBRA",1.716,"NEGRO",15.0602,1.821,2022-06-18,18,6
"116",116,2,"HEMBRA",1.6933,"BLANCO",11.6339,1.8974,2022-05-23,23,5
"117",117,2,"HEMBRA",1.4788,"GRIS",11.3253,1.4594,2022-06-07,7,6
"118",118,4,"HEMBRA",1.615,"BLANCO",9.9363,1.7782,2022-06-18,18,6
"119",119,3,"MACHO",1.5342,"NEGRO",12.7336,1.8232,2022-06-24,24,6
"120",120,4,"MACHO",1.5305,"GRIS",14.229,1.691,2022-05-01,1,5
"121",121,3,"HEMBRA",1.2738,"GRIS",12.2986,1.9079,2022-04-07,7,4
"122",122,4,"MACHO",1.5658,"BLANCO",8.8448,2.0713,2022-05-13,13,5
"123",123,2,"MACHO",1.0076,"BLANCO",12.4324,2.2092,2022-04-01,1,4
"124",124,2,"MACHO",1.4537,"NEGRO",14.3266,2.0234,2022-05-27,27,5
"125",125,4,"HEMBRA",1.5367,"NEGRO",10.8656,1.6202,2022-04-11,11,4
"126",126,2,"HEMBRA",1.2269,"GRIS",8.8253,1.9192,2022-05-10,10,5
"127",127,2,"HEMBRA",1.7627,"NEGRO",16.8452,1.6793,2022-04-01,1,4
"128",128,4,"HEMBRA",1.3249,"NEGRO",10.3101,1.6984,2022-05-11,11,5
"129",129,3,"MACHO",1.3443,"GRIS",15.2205,1.7635,2022-04-16,16,4
"130",130,4,"MACHO",1.2914,"GRIS",15.4014,1.7869,2022-05-16,16,5
"131",131,4,"MACHO",1.5232,"NEGRO",10.7315,1.7725,2022-04-06,6,4
"132",132,2,"HEMBRA",1.1604,"BLANCO",12.635,1.871,2022-04-01,1,4
"133",133,4,"HEMBRA",1.0665,"GRIS",13.2722,1.6864,2022-06-23,23,6
"134",134,4,"HEMBRA",1.6008,"BLANCO",10.6191,1.9269,2022-06-17,17,6
"135",135,2,"MACHO",1.3825,"NEGRO",15.9949,2.065,2022-04-28,28,4
"136",136,4,"MACHO",1.5318,"GRIS",13.2233,1.6177,2022-05-27,27,5
"137",137,2,"HEMBRA",1.2866,"NEGRO",14.1987,1.5129,2022-05-01,1,5
"138",138,4,"HEMBRA",1.6381,"GRIS",12.351,1.6334,2022-05-24,24,5
"139",139,3,"MACHO",1.3523,"GRIS",14.1248,2.0095,2022-05-20,20,5
"140",140,2,"HEMBRA",1.3109,"GRIS",12.8511,1.6802,2022-04-06,6,4
"141",141,3,"HEMBRA",1.5303,"NEGRO",16.5299,1.7531,2022-06-06,6,6
"142",142,4,"HEMBRA",1.0545,"NEGRO",12.6777,2.031,2022-05-26,26,5
"143",143,4,"HEMBRA",1.4642,"NEGRO",16.4097,1.7952,2022-06-06,6,6
"144",144,4,"MACHO",1.0534,"NEGRO",13.4841,1.618,2022-05-22,22,5
"145",145,3,"MACHO",1.8205,"BLANCO",14.6879,1.8281,2022-06-07,7,6
"146",146,3,"MACHO",1.8124,"NEGRO",10.0594,2.1024,2022-06-29,29,6
"147",147,3,"MACHO",1.4466,"GRIS",12.7059,1.1946,2022-06-20,20,6
"148",148,3,"HEMBRA",1.5552,"BLANCO",14.4916,1.9916,2022-04-14,14,4
"149",149,4,"MACHO",1.6759,"NEGRO",15.1986,2.1455,2022-06-30,30,6
"150",150,4,"HEMBRA",1.2564,"GRIS",13.2518,2.2006,2022-04-08,8,4
"151",151,4,"HEMBRA",1.9956,"BLANCO",14.5174,1.4908,2022-06-18,18,6
"152",152,3,"MACHO",1.9439,"BLANCO",14.5066,1.5551,2022-04-09,9,4
"153",153,2,"HEMBRA",1.7997,"BLANCO",11.0485,1.8865,2022-05-31,31,5
"154",154,2,"HEMBRA",1.5585,"GRIS",10.8657,1.7861,2022-05-05,5,5
"155",155,3,"HEMBRA",1.645,"GRIS",17.6168,1.8548,2022-05-11,11,5
"156",156,2,"MACHO",1.4366,"NEGRO",10.2346,1.6221,2022-04-29,29,4
"157",157,2,"HEMBRA",1.8479,"NEGRO",15.9073,1.8141,2022-06-28,28,6
"158",158,4,"MACHO",1.6218,"GRIS",14.5263,1.7274,2022-05-20,20,5
"159",159,3,"MACHO",1.8314,"NEGRO",16.4984,1.6084,2022-05-15,15,5
"160",160,3,"MACHO",1.8749,"NEGRO",10.5067,1.6817,2022-05-14,14,5
"161",161,3,"MACHO",1.2162,"BLANCO",9.836,1.9534,2022-04-03,3,4
"162",162,4,"HEMBRA",1.8113,"GRIS",12.8427,1.9299,2022-06-16,16,6
"163",163,3,"HEMBRA",1.52,"NEGRO",12.175,1.9414,2022-06-21,21,6
"164",164,4,"MACHO",1.3614,"BLANCO",15.7545,2.4794,2022-05-27,27,5
"165",165,4,"HEMBRA",1.368,"NEGRO",11.4212,1.6861,2022-04-24,24,4
"166",166,3,"HEMBRA",1.9667,"BLANCO",14.5512,1.8135,2022-05-30,30,5
"167",167,3,"MACHO",1.6093,"BLANCO",14.9183,1.691,2022-06-16,16,6
"168",168,4,"HEMBRA",1.1757,"NEGRO",15.5181,1.8501,2022-06-01,1,6
"169",169,3,"HEMBRA",2.0153,"GRIS",15.7603,1.6656,2022-04-27,27,4
"170",170,2,"MACHO",1.7145,"NEGRO",14.4005,1.9223,2022-05-04,4,5
"171",171,3,"HEMBRA",2.0341,"BLANCO",7.4601,2.0434,2022-05-17,17,5
"172",172,4,"MACHO",2.0939,"GRIS",14.3764,1.5375,2022-04-07,7,4
"173",173,4,"MACHO",1.6344,"GRIS",16.4222,1.719,2022-04-27,27,4
"174",174,3,"MACHO",1.1642,"GRIS",12.6214,1.4305,2022-04-30,30,4
"175",175,4,"HEMBRA",1.6893,"GRIS",11.5365,1.8207,2022-04-14,14,4
"176",176,4,"MACHO",1.4227,"GRIS",10.6556,1.7294,2022-06-28,28,6
"177",177,2,"HEMBRA",1.1172,"NEGRO",13.2043,1.6691,2022-04-11,11,4
"178",178,2,"MACHO",1.872,"BLANCO",13.2241,1.458,2022-06-02,2,6
"179",179,3,"HEMBRA",1.1646,"NEGRO",14.013,1.8781,2022-06-23,23,6
"180",180,2,"MACHO",1.5394,"BLANCO",16.9864,1.7881,2022-06-29,29,6
"181",181,2,"MACHO",1.8516,"GRIS",15.1472,1.4757,2022-04-02,2,4
"182",182,2,"MACHO",1.3859,"NEGRO",11.5609,1.7446,2022-05-11,11,5
"183",183,2,"HEMBRA",1.2142,"GRIS",12.3456,1.7997,2022-06-07,7,6
"184",184,4,"HEMBRA",1.5267,"GRIS",12.5867,1.9469,2022-05-10,10,5
"185",185,4,"MACHO",1.6705,"BLANCO",16.2221,1.7769,2022-05-15,15,5
"186",186,2,"MACHO",2.0922,"NEGRO",11.5504,1.9418,2022-05-10,10,5
"187",187,3,"MACHO",1.7029,"BLANCO",11.255,1.9647,2022-04-24,24,4
"188",188,4,"HEMBRA",1.8619,"NEGRO",11.7088,1.8377,2022-04-22,22,4
"189",189,3,"MACHO",1.5264,"NEGRO",14.083,1.9148,2022-04-27,27,4
"190",190,2,"HEMBRA",1.8574,"NEGRO",13.7346,1.5952,2022-05-15,15,5
"191",191,4,"MACHO",1.5625,"BLANCO",10.0809,1.5833,2022-06-14,14,6
"192",192,2,"MACHO",2.401,"BLANCO",12.2779,1.6853,2022-04-27,27,4
"193",193,2,"MACHO",1.7816,"BLANCO",14.5056,1.7165,2022-04-10,10,4
"194",194,3,"MACHO",1.8083,"NEGRO",9.9493,1.5429,2022-06-28,28,6
"195",195,2,"MACHO",1.3636,"BLANCO",12.7924,1.6847,2022-05-06,6,5
"196",196,3,"MACHO",1.6131,"BLANCO",9.4884,1.8313,2022-06-24,24,6
"197",197,4,"MACHO",1.2851,"BLANCO",11.4026,1.7542,2022-06-21,21,6
"198",198,2,"MACHO",1.4345,"GRIS",11.0472,1.7336,2022-06-24,24,6
"199",199,4,"HEMBRA",1.6159,"NEGRO",13.9632,1.8114,2022-05-14,14,5
"200",200,4,"HEMBRA",2.0938,"BLANCO",13.9792,2.0054,2022-06-26,26,6
"201",201,3,"HEMBRA",2.1497,"BLANCO",10.8656,1.6543,2022-05-04,4,5
"202",202,4,"HEMBRA",1.5541,"NEGRO",11.1459,1.9413,2022-04-27,27,4
"203",203,3,"HEMBRA",1.6631,"BLANCO",11.645,2.0012,2022-06-03,3,6
"204",204,4,"HEMBRA",1.3179,"NEGRO",12.9788,1.8091,2022-06-26,26,6
"205",205,4,"HEMBRA",1.206,"NEGRO",14.4015,2.0291,2022-04-15,15,4
"206",206,3,"MACHO",1.5867,"BLANCO",13.1287,1.8425,2022-06-08,8,6
"207",207,2,"HEMBRA",1.3308,"BLANCO",9.981,2.1111,2022-04-25,25,4
"208",208,4,"HEMBRA",1.8415,"NEGRO",12.5283,1.798,2022-04-12,12,4
"209",209,2,"MACHO",1.6625,"NEGRO",12.1881,1.5907,2022-05-05,5,5
"210",210,2,"HEMBRA",1.4591,"NEGRO",17.5809,1.5577,2022-04-19,19,4
"211",211,3,"HEMBRA",1.4707,"GRIS",13.814,1.6926,2022-05-01,1,5
"212",212,2,"MACHO",1.8249,"GRIS",13.471,1.9781,2022-06-09,9,6
"213",213,4,"HEMBRA",1.5157,"NEGRO",14.6726,2.0967,2022-05-05,5,5
"214",214,3,"HEMBRA",1.5423,"BLANCO",14.6265,1.5955,2022-06-02,2,6
"215",215,3,"MACHO",1.9131,"BLANCO",11.3306,1.9706,2022-05-06,6,5
"216",216,3,"MACHO",2.2254,"BLANCO",10.5521,1.8046,2022-05-16,16,5
"217",217,2,"MACHO",1.7985,"GRIS",11.9231,1.895,2022-06-14,14,6
"218",218,2,"MACHO",1.1135,"BLANCO",13.2455,1.7787,2022-06-30,30,6
"219",219,2,"MACHO",1.4983,"GRIS",15.8873,2.1728,2022-04-06,6,4
"220",220,2,"MACHO",1.4857,"NEGRO",14.9793,1.9095,2022-05-04,4,5
"221",221,4,"MACHO",1.531,"BLANCO",10.195,1.5685,2022-04-09,9,4
"222",222,4,"HEMBRA",1.1964,"GRIS",15.1399,1.9391,2022-05-17,17,5
"223",223,4,"MACHO",1.4253,"NEGRO",8.0961,1.7332,2022-04-30,30,4
"224",224,3,"HEMBRA",2.0501,"GRIS",14.6093,1.5591,2022-04-28,28,4
"225",225,2,"HEMBRA",1.2425,"GRIS",11.8357,1.9539,2022-04-29,29,4
"226",226,2,"HEMBRA",2.0741,"BLANCO",10.6945,1.8532,2022-06-07,7,6
"227",227,2,"HEMBRA",1.3271,"GRIS",13.9008,1.8018,2022-04-04,4,4
"228",228,2,"MACHO",1.6785,"NEGRO",15.5257,1.4568,2022-04-30,30,4
"229",229,4,"HEMBRA",1.8874,"NEGRO",9.5491,1.9423,2022-05-20,20,5
"230",230,3,"MACHO",1.7744,"GRIS",10.7048,1.9089,2022-04-14,14,4
"231",231,3,"MACHO",1.501,"BLANCO",11.444,1.672,2022-06-26,26,6
"232",232,2,"MACHO",1.853,"GRIS",11.9185,1.9879,2022-04-18,18,4
"233",233,4,"MACHO",1.1858,"NEGRO",10.5641,1.6686,2022-06-24,24,6
"234",234,2,"MACHO",1.6819,"NEGRO",13.3308,1.8956,2022-05-18,18,5
"235",235,2,"MACHO",1.9753,"NEGRO",13.1834,1.5935,2022-06-07,7,6
"236",236,2,"MACHO",1.3333,"NEGRO",16.1137,1.6171,2022-05-23,23,5
"237",237,2,"MACHO",1.7927,"GRIS",10.5386,1.6955,2022-06-14,14,6
"238",238,4,"MACHO",1.1468,"BLANCO",12.43,1.7408,2022-05-19,19,5
"239",239,4,"MACHO",1.9819,"GRIS",10.9881,2.2335,2022-05-09,9,5
"240",240,3,"HEMBRA",1.8947,"NEGRO",12.7019,2.1531,2022-04-11,11,4
"241",241,2,"HEMBRA",1.4339,"NEGRO",13.0942,1.7471,2022-06-22,22,6
"242",242,3,"MACHO",1.3663,"GRIS",15.0302,1.712,2022-05-22,22,5
"243",243,3,"HEMBRA",2.0299,"NEGRO",11.7974,1.7022,2022-06-21,21,6
"244",244,3,"HEMBRA",1.4988,"GRIS",8.6523,1.4804,2022-06-13,13,6
"245",245,4,"MACHO",2.0066,"BLANCO",10.7351,1.7387,2022-03-31,31,3
"246",246,2,"HEMBRA",1.8659,"GRIS",12.0164,2.063,2022-05-30,30,5
"247",247,4,"MACHO",1.6094,"NEGRO",10.9919,1.6704,2022-06-12,12,6
"248",248,2,"HEMBRA",2.0901,"NEGRO",12.4884,1.6324,2022-05-24,24,5
"249",249,4,"HEMBRA",1.6101,"BLANCO",14.0065,1.6968,2022-06-08,8,6
"250",250,4,"HEMBRA",1.4342,"GRIS",16.1529,1.7913,2022-06-07,7,6
"251",251,3,"HEMBRA",1.6363,"BLANCO",10.4353,2.1658,2022-05-29,29,5
"252",252,3,"HEMBRA",1.4987,"GRIS",14.3912,1.9026,2022-05-23,23,5
"253",253,3,"MACHO",1.5207,"GRIS",17.72,1.7952,2022-04-28,28,4
"254",254,3,"HEMBRA",1.1404,"BLANCO",11.2508,1.7223,2022-05-13,13,5
"255",255,2,"HEMBRA",1.2248,"BLANCO",12.8514,1.6649,2022-06-28,28,6
"256",256,2,"MACHO",1.6963,"GRIS",13.0628,1.7325,2022-04-19,19,4
"257",257,4,"MACHO",2.04,"GRIS",16.1596,1.6688,2022-05-17,17,5
"258",258,2,"HEMBRA",1.0835,"BLANCO",14.0878,1.6748,2022-05-06,6,5
"259",259,2,"MACHO",1.9828,"BLANCO",15.519,1.6141,2022-06-25,25,6
"260",260,3,"HEMBRA",1.465,"BLANCO",13.8638,2.0928,2022-05-02,2,5
"261",261,4,"MACHO",1.9574,"GRIS",12.6438,1.6395,2022-05-21,21,5
"262",262,4,"MACHO",1.9231,"BLANCO",10.4159,1.6287,2022-04-13,13,4
"263",263,4,"MACHO",1.0553,"BLANCO",12.7665,1.8112,2022-04-13,13,4
"264",264,4,"HEMBRA",1.8155,"BLANCO",12.7323,1.6899,2022-06-01,1,6
"265",265,4,"HEMBRA",1.8421,"BLANCO",12.149,1.5838,2022-05-06,6,5
"266",266,3,"HEMBRA",1.5649,"BLANCO",14.6099,2.0624,2022-05-17,17,5
"267",267,4,"HEMBRA",1.4456,"GRIS",14.186,1.8004,2022-06-08,8,6
"268",268,2,"HEMBRA",1.3486,"BLANCO",10.4349,1.7783,2022-05-14,14,5
"269",269,4,"MACHO",1.8108,"BLANCO",12.9522,2.2176,2022-04-23,23,4
"270",270,4,"MACHO",1.5016,"GRIS",13.4796,1.5552,2022-05-19,19,5
"271",271,4,"MACHO",1.5581,"GRIS",15.3914,1.8939,2022-04-13,13,4
"272",272,4,"HEMBRA",2.1193,"NEGRO",11.6744,1.7554,2022-04-15,15,4
"273",273,4,"MACHO",0.6603,"BLANCO",13.5962,2.1422,2022-04-12,12,4
"274",274,4,"MACHO",1.5835,"GRIS",16.5418,1.7747,2022-04-08,8,4
"275",275,4,"MACHO",1.5535,"GRIS",14.1996,1.4714,2022-05-02,2,5
"276",276,4,"MACHO",1.1588,"NEGRO",14.9989,1.4985,2022-05-15,15,5
"277",277,3,"HEMBRA",1.4307,"NEGRO",15.8418,1.6856,2022-04-17,17,4
"278",278,3,"MACHO",1.0141,"NEGRO",11.2439,2.1374,2022-06-21,21,6
"279",279,3,"HEMBRA",2.2611,"GRIS",10.6595,2.0313,2022-04-04,4,4
"280",280,2,"MACHO",1.5202,"GRIS",13.0714,1.7091,2022-05-07,7,5
"281",281,4,"HEMBRA",1.3379,"NEGRO",13.055,1.768,2022-04-06,6,4
"282",282,3,"MACHO",1.2138,"BLANCO",13.7504,1.6045,2022-05-29,29,5
"283",283,4,"MACHO",1.2274,"BLANCO",10.4237,1.6923,2022-06-02,2,6
"284",284,4,"MACHO",1.3816,"GRIS",10.7198,1.6986,2022-06-16,16,6
"285",285,3,"HEMBRA",1.5987,"GRIS",11.6569,1.4,2022-04-17,17,4
"286",286,4,"MACHO",0.9777,"GRIS",15.0715,1.4567,2022-06-01,1,6
"287",287,3,"HEMBRA",1.2194,"GRIS",11.0996,1.837,2022-04-11,11,4
"288",288,3,"MACHO",1.8735,"BLANCO",11.548,1.7513,2022-06-05,5,6
"289",289,4,"HEMBRA",1.6638,"NEGRO",12.9994,2.0477,2022-06-26,26,6
"290",290,4,"HEMBRA",1.6537,"NEGRO",12.1047,1.6551,2022-06-15,15,6
"291",291,3,"MACHO",1.3625,"GRIS",14.8215,1.7323,2022-03-31,31,3
"292",292,2,"MACHO",1.8559,"GRIS",13.9226,1.9216,2022-03-31,31,3
"293",293,2,"HEMBRA",1.9083,"GRIS",13.5779,1.8922,2022-05-11,11,5
"294",294,3,"MACHO",1.5204,"NEGRO",15.491,1.8942,2022-05-22,22,5
"295",295,3,"HEMBRA",1.7503,"GRIS",13.334,1.6336,2022-06-15,15,6
"296",296,3,"HEMBRA",1.1804,"GRIS",9.8608,2.1928,2022-05-11,11,5
"297",297,2,"MACHO",1.3061,"GRIS",16.1094,1.9378,2022-05-10,10,5
"298",298,2,"HEMBRA",1.4968,"GRIS",10.7584,1.8219,2022-06-21,21,6
"299",299,3,"MACHO",1.726,"NEGRO",11.8339,1.7353,2022-04-23,23,4
"300",300,3,"HEMBRA",1.4563,"BLANCO",11.4876,1.8761,2022-06-25,25,6
"301",301,4,"HEMBRA",1.7473,"NEGRO",14.6922,1.6874,2022-06-04,4,6
"302",302,4,"HEMBRA",1.7901,"GRIS",15.259,1.9221,2022-05-08,8,5
"303",303,3,"HEMBRA",1.6666,"NEGRO",13.8835,1.9505,2022-05-04,4,5
"304",304,3,"HEMBRA",1.562,"GRIS",15.3207,1.8929,2022-06-28,28,6
"305",305,2,"MACHO",1.4423,"GRIS",11.8152,1.7181,2022-05-09,9,5
"306",306,4,"MACHO",1.576,"GRIS",15.9592,1.6734,2022-05-31,31,5
"307",307,3,"MACHO",1.5065,"NEGRO",14.5426,1.958,2022-04-03,3,4
"308",308,4,"HEMBRA",1.5955,"GRIS",15.3894,1.6139,2022-06-11,11,6
"309",309,2,"MACHO",1.492,"NEGRO",12.5449,1.5974,2022-04-13,13,4
"310",310,2,"HEMBRA",1.3114,"NEGRO",14.8645,1.8146,2022-04-08,8,4
"311",311,4,"HEMBRA",2.3691,"GRIS",13.0052,1.6601,2022-06-16,16,6
"312",312,4,"HEMBRA",1.3614,"NEGRO",11.1148,2.1099,2022-05-20,20,5
"313",313,3,"MACHO",1.4604,"GRIS",8.1245,1.763,2022-06-18,18,6
"314",314,4,"HEMBRA",1.7679,"GRIS",14.9342,1.9894,2022-04-27,27,4
"315",315,2,"HEMBRA",1.4562,"GRIS",13.2095,2.101,2022-05-22,22,5
"316",316,2,"HEMBRA",1.9506,"GRIS",10.4835,1.8384,2022-05-09,9,5
"317",317,4,"MACHO",2.0812,"GRIS",14.6984,1.871,2022-06-21,21,6
"318",318,3,"MACHO",1.4844,"BLANCO",11.062,1.6962,2022-06-30,30,6
"319",319,2,"HEMBRA",1.685,"BLANCO",14.297,1.5471,2022-05-12,12,5
"320",320,4,"HEMBRA",1.3852,"NEGRO",12.8508,2.0304,2022-05-21,21,5
"321",321,4,"HEMBRA",1.419,"NEGRO",16.2525,1.665,2022-05-08,8,5
"322",322,3,"MACHO",1.6005,"NEGRO",14.276,1.8893,2022-06-25,25,6
"323",323,2,"HEMBRA",1.1009,"GRIS",12.2965,1.6406,2022-05-26,26,5
"324",324,4,"MACHO",2.4399,"GRIS",10.296,1.7956,2022-04-16,16,4
"325",325,2,"MACHO",1.6735,"GRIS",8.5792,1.7735,2022-06-15,15,6
"326",326,4,"HEMBRA",1.0837,"GRIS",13.7933,1.9319,2022-04-07,7,4
"327",327,3,"HEMBRA",1.8555,"GRIS",12.7916,1.7107,2022-05-21,21,5
"328",328,4,"HEMBRA",1.3786,"NEGRO",12.7319,1.6628,2022-05-15,15,5
"329",329,3,"HEMBRA",1.9522,"NEGRO",16.9299,1.8594,2022-05-02,2,5
"330",330,3,"HEMBRA",2.2998,"GRIS",10.8743,1.5075,2022-06-21,21,6
"331",331,2,"HEMBRA",1.7437,"GRIS",11.5131,1.5971,2022-04-09,9,4
"332",332,3,"MACHO",1.4566,"NEGRO",11.7507,1.8125,2022-05-11,11,5
"333",333,2,"HEMBRA",1.6896,"BLANCO",14.134,1.7684,2022-06-11,11,6
"334",334,3,"HEMBRA",1.3016,"NEGRO",11.7357,1.9888,2022-06-30,30,6
"335",335,2,"HEMBRA",2.116,"GRIS",13.8108,1.6896,2022-05-01,1,5
"336",336,4,"HEMBRA",2.1391,"BLANCO",8.9853,1.5471,2022-05-31,31,5
"337",337,3,"HEMBRA",1.9435,"BLANCO",13.3435,1.8524,2022-06-06,6,6
"338",338,4,"MACHO",1.3003,"NEGRO",11.5797,1.921,2022-04-08,8,4
"339",339,3,"HEMBRA",1.6723,"NEGRO",13.0086,2.0766,2022-05-17,17,5
"340",340,4,"HEMBRA",1.1724,"BLANCO",13.0883,1.93,2022-06-24,24,6
"341",341,3,"HEMBRA",1.7374,"BLANCO",15.7537,1.6066,2022-05-17,17,5
"342",342,2,"MACHO",1.7069,"BLANCO",13.4362,1.9872,2022-06-10,10,6
"343",343,2,"MACHO",1.4821,"GRIS",12.7849,1.7877,2022-05-04,4,5
"344",344,4,"HEMBRA",2.4353,"NEGRO",18.7982,1.8106,2022-06-17,17,6
"345",345,4,"MACHO",1.8469,"NEGRO",15.24,1.7212,2022-06-07,7,6
"346",346,4,"HEMBRA",1.807,"GRIS",12.0255,1.8903,2022-05-20,20,5
"347",347,3,"HEMBRA",1.0804,"BLANCO",10.4257,2.1036,2022-05-01,1,5
"348",348,3,"HEMBRA",1.9955,"BLANCO",13.526,1.4019,2022-04-11,11,4
"349",349,3,"MACHO",1.5212,"BLANCO",13.6585,1.5112,2022-04-21,21,4
"350",350,3,"HEMBRA",1.7907,"BLANCO",13.7833,1.9776,2022-06-12,12,6
"351",351,3,"HEMBRA",1.4094,"GRIS",11.442,1.7784,2022-06-18,18,6
"352",352,3,"MACHO",1.4074,"GRIS",14.9629,1.6536,2022-04-19,19,4
"353",353,2,"MACHO",1.8592,"NEGRO",14.0813,1.7952,2022-04-11,11,4
"354",354,4,"MACHO",1.7748,"GRIS",12.5055,1.982,2022-05-28,28,5
"355",355,3,"HEMBRA",1.5356,"NEGRO",13.3161,1.5076,2022-04-29,29,4
"356",356,4,"HEMBRA",1.5242,"BLANCO",12.5327,1.6465,2022-06-06,6,6
"357",357,2,"MACHO",1.0993,"BLANCO",14.0331,2.1572,2022-06-24,24,6
"358",358,2,"HEMBRA",1.7716,"GRIS",10.4924,1.8971,2022-06-18,18,6
"359",359,4,"MACHO",2.314,"NEGRO",15.3927,1.6982,2022-04-15,15,4
"360",360,3,"MACHO",1.3928,"GRIS",13.3498,1.9227,2022-04-14,14,4
"361",361,4,"MACHO",1.2671,"NEGRO",11.789,1.8964,2022-06-28,28,6
"362",362,4,"MACHO",1.18,"NEGRO",14.1267,1.6857,2022-06-01,1,6
"363",363,4,"MACHO",1.8405,"GRIS",10.4079,1.9626,2022-06-17,17,6
"364",364,3,"MACHO",1.5522,"GRIS",15.5527,2.0188,2022-04-17,17,4
"365",365,4,"MACHO",1.2766,"NEGRO",13.3354,1.6305,2022-05-07,7,5
"366",366,2,"MACHO",1.0821,"NEGRO",12.011,1.4875,2022-04-19,19,4
"367",367,3,"HEMBRA",1.4802,"BLANCO",11.6002,1.7866,2022-06-18,18,6
"368",368,2,"HEMBRA",1.5997,"BLANCO",13.7609,1.6568,2022-04-06,6,4
"369",369,2,"HEMBRA",0.8993,"BLANCO",15.1466,2.0066,2022-04-04,4,4
"370",370,2,"HEMBRA",0.9859,"BLANCO",14.7765,1.2846,2022-04-04,4,4
"371",371,4,"MACHO",1.3861,"BLANCO",15.1167,1.8971,2022-04-05,5,4
"372",372,2,"HEMBRA",1.2576,"BLANCO",12.6617,1.8127,2022-06-27,27,6
"373",373,4,"HEMBRA",1.4124,"NEGRO",13.392,1.947,2022-04-10,10,4
"374",374,2,"HEMBRA",1.6538,"BLANCO",12.372,1.7857,2022-05-16,16,5
"375",375,3,"HEMBRA",1.1868,"BLANCO",13.8752,1.8073,2022-04-18,18,4
"376",376,2,"MACHO",1.6278,"NEGRO",14.8883,1.9465,2022-04-19,19,4
"377",377,2,"HEMBRA",1.7904,"BLANCO",14.8743,1.481,2022-05-08,8,5
"378",378,4,"HEMBRA",1.557,"BLANCO",7.9066,1.3876,2022-05-17,17,5
"379",379,2,"MACHO",1.3807,"NEGRO",14.7622,1.8289,2022-05-08,8,5
"380",380,4,"MACHO",2.0002,"NEGRO",11.0409,1.8979,2022-04-08,8,4
"381",381,2,"HEMBRA",1.6939,"GRIS",11.1471,1.5854,2022-04-07,7,4
"382",382,3,"MACHO",1.6894,"GRIS",13.9261,1.7453,2022-05-24,24,5
"383",383,2,"HEMBRA",1.5038,"GRIS",12.6096,1.2785,2022-05-15,15,5
"384",384,3,"HEMBRA",1.8915,"BLANCO",13.2229,1.9473,2022-06-10,10,6
"385",385,2,"MACHO",1.5458,"BLANCO",11.9073,2.0827,2022-05-16,16,5
"386",386,2,"MACHO",1.1163,"NEGRO",13.5919,1.8261,2022-05-06,6,5
"387",387,4,"MACHO",1.5209,"BLANCO",10.972,1.7361,2022-04-07,7,4
"388",388,4,"MACHO",1.6518,"BLANCO",14.5559,1.9519,2022-06-29,29,6
"389",389,2,"HEMBRA",1.024,"NEGRO",15.3609,1.8946,2022-05-23,23,5
"390",390,3,"HEMBRA",1.7158,"NEGRO",11.2168,1.7912,2022-05-10,10,5
"391",391,3,"HEMBRA",1.7706,"GRIS",13.5563,2.2654,2022-06-09,9,6
"392",392,3,"MACHO",1.9673,"BLANCO",12.6173,1.8374,2022-05-04,4,5
"393",393,4,"HEMBRA",1.4455,"BLANCO",9.6372,1.4639,2022-05-15,15,5
"394",394,4,"HEMBRA",1.1988,"BLANCO",10.0436,1.4952,2022-06-06,6,6
"395",395,4,"HEMBRA",1.7773,"BLANCO",13.9257,1.8593,2022-04-23,23,4
"396",396,2,"HEMBRA",1.4403,"GRIS",13.117,1.9581,2022-05-26,26,5
"397",397,3,"HEMBRA",1.4956,"GRIS",14.6707,1.7659,2022-06-24,24,6
"398",398,2,"HEMBRA",1.4399,"GRIS",14.29,1.6869,2022-04-05,5,4
"399",399,2,"HEMBRA",0.849,"BLANCO",14.6856,1.773,2022-04-05,5,4
"400",400,3,"MACHO",2.093,"GRIS",13.9358,1.4645,2022-04-08,8,4
"401",401,2,"HEMBRA",1.4357,"GRIS",14.494,1.9695,2022-04-12,12,4
"402",402,3,"MACHO",1.5374,"GRIS",13.957,1.583,2022-04-21,21,4
"403",403,2,"MACHO",1.734,"NEGRO",16.4649,1.9515,2022-04-09,9,4
"404",404,2,"HEMBRA",1.6676,"NEGRO",8.3055,1.6875,2022-05-30,30,5
"405",405,2,"MACHO",2.0733,"GRIS",13.2756,2.0732,2022-05-21,21,5
"406",406,4,"MACHO",1.2973,"BLANCO",9.51,1.6091,2022-04-02,2,4
"407",407,3,"MACHO",1.0958,"NEGRO",9.9386,1.2822,2022-04-23,23,4
"408",408,2,"MACHO",1.6998,"NEGRO",13.6952,1.8529,2022-05-13,13,5
"409",409,3,"HEMBRA",1.3562,"NEGRO",11.2407,2.1745,2022-05-17,17,5
"410",410,2,"MACHO",1.2188,"NEGRO",14.611,1.8613,2022-05-04,4,5
"411",411,3,"MACHO",1.5738,"GRIS",10.885,2.1198,2022-03-31,31,3
"412",412,4,"MACHO",1.8867,"BLANCO",15.4917,1.9351,2022-04-23,23,4
"413",413,2,"HEMBRA",1.9975,"NEGRO",17.5032,1.6906,2022-04-21,21,4
"414",414,3,"MACHO",2.1468,"NEGRO",17.9888,1.8859,2022-06-20,20,6
"415",415,2,"HEMBRA",1.7259,"BLANCO",11.6469,2.1039,2022-05-27,27,5
"416",416,3,"MACHO",1.0996,"GRIS",13.8524,1.8749,2022-04-24,24,4
"417",417,4,"MACHO",1.4443,"BLANCO",14.4453,2.1914,2022-06-11,11,6
"418",418,2,"HEMBRA",1.5803,"NEGRO",9.7665,1.6158,2022-04-17,17,4
"419",419,4,"MACHO",1.425,"NEGRO",12.4792,1.6415,2022-04-02,2,4
"420",420,4,"HEMBRA",1.826,"BLANCO",14.5511,1.9531,2022-05-09,9,5
"421",421,2,"MACHO",1.8094,"NEGRO",17.4072,1.3874,2022-06-30,30,6
"422",422,4,"HEMBRA",1.6319,"NEGRO",13.8803,1.5413,2022-04-06,6,4
"423",423,4,"MACHO",1.7116,"NEGRO",14.7228,1.861,2022-05-12,12,5
"424",424,4,"HEMBRA",1.4356,"GRIS",14.2464,2.3635,2022-06-25,25,6
"425",425,3,"HEMBRA",0.8695,"GRIS",11.6995,1.9208,2022-06-21,21,6
"426",426,3,"HEMBRA",1.5282,"NEGRO",11.3102,1.8287,2022-05-20,20,5
"427",427,3,"MACHO",1.6867,"NEGRO",12.9894,1.8009,2022-04-01,1,4
"428",428,2,"MACHO",1.497,"GRIS",12.4613,1.9492,2022-04-17,17,4
"429",429,3,"HEMBRA",1.4563,"BLANCO",12.0365,1.8574,2022-06-29,29,6
"430",430,2,"HEMBRA",1.295,"NEGRO",9.1397,1.9424,2022-05-16,16,5
"431",431,4,"HEMBRA",1.7414,"GRIS",13.683,1.8867,2022-04-08,8,4
"432",432,3,"MACHO",1.8658,"NEGRO",9.7921,1.7956,2022-04-04,4,4
"433",433,2,"MACHO",1.6342,"GRIS",9.6175,2.1313,2022-06-03,3,6
"434",434,4,"HEMBRA",1.8183,"BLANCO",15.0288,1.7305,2022-05-14,14,5
"435",435,2,"HEMBRA",1.7257,"GRIS",12.3702,1.6123,2022-06-15,15,6
"436",436,3,"MACHO",1.1788,"NEGRO",13.9011,1.5825,2022-04-11,11,4
"437",437,3,"HEMBRA",1.886,"GRIS",13.1202,1.5431,2022-05-23,23,5
"438",438,4,"HEMBRA",1.403,"GRIS",12.2669,1.7512,2022-06-16,16,6
"439",439,2,"HEMBRA",1.6741,"NEGRO",9.8988,2.2287,2022-05-08,8,5
"440",440,2,"MACHO",1.7809,"GRIS",16.7809,2.0993,2022-06-05,5,6
"441",441,4,"HEMBRA",1.4908,"NEGRO",10.6178,1.8924,2022-05-23,23,5
"442",442,3,"MACHO",1.3362,"NEGRO",14.2389,1.6488,2022-05-28,28,5
"443",443,2,"MACHO",1.4969,"GRIS",10.8869,1.9128,2022-05-31,31,5
"444",444,3,"MACHO",1.6731,"BLANCO",11.8338,1.7371,2022-06-26,26,6
"445",445,2,"MACHO",2.0023,"NEGRO",12.5547,1.8535,2022-06-14,14,6
"446",446,4,"HEMBRA",1.6839,"BLANCO",12.6199,2.0204,2022-04-21,21,4
"447",447,4,"MACHO",1.5898,"BLANCO",12.6607,2.015,2022-06-02,2,6
"448",448,2,"HEMBRA",1.6012,"BLANCO",12.978,1.6656,2022-04-15,15,4
"449",449,4,"HEMBRA",1.777,"GRIS",11.7598,1.5674,2022-04-29,29,4
"450",450,2,"MACHO",1.3698,"BLANCO",9.7575,1.7282,2022-06-19,19,6
"451",451,3,"HEMBRA",1.6879,"GRIS",12.6453,1.9529,2022-06-20,20,6
"452",452,3,"HEMBRA",1.9634,"BLANCO",13.1465,1.9239,2022-04-03,3,4
"453",453,4,"MACHO",1.4863,"BLANCO",13.0619,1.7917,2022-04-24,24,4
"454",454,4,"HEMBRA",1.477,"NEGRO",11.2643,1.5773,2022-04-11,11,4
"455",455,4,"HEMBRA",2.2019,"BLANCO",11.2572,1.9792,2022-04-02,2,4
"456",456,2,"MACHO",1.7309,"NEGRO",14.3704,1.9728,2022-05-05,5,5
"457",457,2,"MACHO",1.8108,"NEGRO",10.0975,1.606,2022-06-27,27,6
"458",458,2,"HEMBRA",1.2259,"BLANCO",14.1065,1.989,2022-05-22,22,5
"459",459,3,"MACHO",1.6012,"GRIS",12.8794,1.9819,2022-06-03,3,6
"460",460,2,"HEMBRA",1.4053,"GRIS",10.8922,2.0385,2022-04-23,23,4
"461",461,3,"MACHO",1.9195,"BLANCO",13.7891,1.739,2022-04-12,12,4
"462",462,3,"HEMBRA",1.5128,"BLANCO",14.7319,1.9325,2022-05-04,4,5
"463",463,3,"HEMBRA",2.0835,"BLANCO",12.3218,1.806,2022-06-25,25,6
"464",464,4,"MACHO",2.1205,"NEGRO",8.2538,2.366,2022-06-16,16,6
"465",465,4,"MACHO",1.6623,"BLANCO",9.1001,1.4747,2022-06-30,30,6
"466",466,3,"HEMBRA",1.02,"NEGRO",15.3827,1.7404,2022-03-31,31,3
"467",467,3,"HEMBRA",1.9937,"NEGRO",11.5096,2.0975,2022-04-19,19,4
"468",468,2,"HEMBRA",1.3915,"NEGRO",13.3938,1.7174,2022-04-16,16,4
"469",469,3,"HEMBRA",1.5768,"BLANCO",9.2559,1.6444,2022-06-08,8,6
"470",470,4,"HEMBRA",1.3791,"NEGRO",9.5467,1.6949,2022-04-23,23,4
"471",471,4,"MACHO",1.3956,"GRIS",13.6778,1.545,2022-06-10,10,6
"472",472,4,"MACHO",1.9898,"BLANCO",12.067,1.6257,2022-04-23,23,4
"473",473,3,"HEMBRA",1.1552,"BLANCO",10.5718,1.4806,2022-04-05,5,4
"474",474,3,"MACHO",1.8076,"BLANCO",12.9339,2.1375,2022-06-09,9,6
"475",475,3,"HEMBRA",1.18,"BLANCO",14.8742,1.7206,2022-05-12,12,5
"476",476,2,"HEMBRA",1.8007,"GRIS",11.517,1.671,2022-06-13,13,6
"477",477,3,"MACHO",1.5916,"BLANCO",11.8546,2.1046,2022-05-01,1,5
"478",478,4,"HEMBRA",1.7229,"BLANCO",11.9634,2.1941,2022-06-19,19,6
"479",479,2,"MACHO",1.8544,"GRIS",13.4297,1.7653,2022-06-29,29,6
"480",480,2,"HEMBRA",1.3248,"BLANCO",11.5482,1.97,2022-05-25,25,5
"481",481,2,"HEMBRA",1.0686,"NEGRO",12.9286,1.7132,2022-06-26,26,6
"482",482,2,"HEMBRA",1.4215,"GRIS",9.9466,1.535,2022-06-03,3,6
"483",483,2,"MACHO",1.9872,"BLANCO",10.4107,1.7563,2022-04-17,17,4
"484",484,2,"MACHO",1.6609,"BLANCO",14.706,1.5727,2022-05-01,1,5
"485",485,3,"MACHO",1.5443,"NEGRO",15.7633,2.115,2022-05-11,11,5
"486",486,2,"HEMBRA",1.687,"GRIS",12.6451,1.726,2022-04-12,12,4
"487",487,2,"MACHO",1.7029,"NEGRO",12.3101,1.7009,2022-04-25,25,4
"488",488,4,"HEMBRA",1.6504,"GRIS",12.3429,2.2233,2022-04-11,11,4
"489",489,3,"MACHO",1.5674,"NEGRO",9.3885,2.0435,2022-05-01,1,5
"490",490,4,"HEMBRA",1.4754,"NEGRO",10.7061,1.7042,2022-06-11,11,6
"491",491,2,"MACHO",1.6713,"NEGRO",13.4537,1.9925,2022-04-17,17,4
"492",492,4,"HEMBRA",2.0584,"NEGRO",14.3942,1.9979,2022-04-25,25,4
"493",493,4,"MACHO",1.4524,"NEGRO",9.5315,1.7869,2022-05-11,11,5
"494",494,4,"HEMBRA",1.2451,"NEGRO",8.8777,1.6607,2022-04-08,8,4
"495",495,4,"MACHO",1.547,"BLANCO",13.8375,1.9038,2022-05-26,26,5
"496",496,3,"HEMBRA",2.3568,"GRIS",15.8694,1.5429,2022-05-18,18,5
"497",497,2,"HEMBRA",1.5481,"NEGRO",13.4341,1.4801,2022-05-10,10,5
"498",498,2,"HEMBRA",1.0736,"NEGRO",10.3377,1.7328,2022-04-24,24,4
"499",499,3,"HEMBRA",1.7642,"NEGRO",10.0799,1.8226,2022-06-25,25,6
"500",500,2,"HEMBRA",1.6092,"NEGRO",10.994,1.8206,2022-06-13,13,6
"501",501,4,"HEMBRA",1.6341,"NEGRO",13.3191,2.0974,2022-05-27,27,5
"502",502,2,"HEMBRA",1.9558,"BLANCO",11.531,1.9509,2022-05-31,31,5
"503",503,4,"HEMBRA",2.2264,"NEGRO",12.6185,1.6061,2022-04-15,15,4
"504",504,2,"MACHO",2.0466,"NEGRO",13.9488,1.7909,2022-05-20,20,5
"505",505,4,"HEMBRA",1.7676,"BLANCO",14.1457,1.6802,2022-04-16,16,4
"506",506,4,"MACHO",1.4889,"BLANCO",12.6653,1.8546,2022-06-25,25,6
"507",507,3,"MACHO",2.029,"BLANCO",12.1252,2.0515,2022-05-28,28,5
"508",508,3,"MACHO",1.4208,"GRIS",12.824,1.6487,2022-06-15,15,6
"509",509,3,"MACHO",1.8252,"NEGRO",11.0981,1.8591,2022-05-20,20,5
"510",510,4,"HEMBRA",2.2433,"NEGRO",14.7259,1.7479,2022-04-15,15,4
"511",511,2,"MACHO",2.0295,"GRIS",11.6367,1.5542,2022-05-14,14,5
"512",512,2,"MACHO",1.7517,"NEGRO",13.4828,2.1864,2022-06-03,3,6
"513",513,3,"HEMBRA",1.8416,"NEGRO",10.9401,1.9062,2022-06-29,29,6
"514",514,3,"HEMBRA",1.5615,"NEGRO",13.4857,1.8445,2022-05-23,23,5
"515",515,3,"MACHO",1.4312,"BLANCO",11.331,2.2702,2022-05-04,4,5
"516",516,2,"HEMBRA",1.064,"GRIS",15.5673,1.607,2022-06-02,2,6
"517",517,3,"MACHO",1.9216,"BLANCO",9.6879,2.1056,2022-05-13,13,5
"518",518,2,"MACHO",1.4137,"BLANCO",15.5007,1.723,2022-05-15,15,5
"519",519,3,"HEMBRA",1.1455,"NEGRO",9.8435,1.7939,2022-06-20,20,6
"520",520,3,"HEMBRA",1.7371,"GRIS",14.16,1.4673,2022-05-08,8,5
"521",521,4,"MACHO",1.406,"BLANCO",11.9143,1.4272,2022-05-19,19,5
"522",522,2,"MACHO",1.7694,"NEGRO",15.4337,1.8074,2022-05-22,22,5
"523",523,3,"HEMBRA",1.561,"BLANCO",10.5312,1.7623,2022-05-23,23,5
"524",524,3,"MACHO",1.8634,"NEGRO",13.676,1.8733,2022-06-28,28,6
"525",525,2,"HEMBRA",1.8019,"NEGRO",13.7407,2.0462,2022-04-03,3,4
"526",526,3,"HEMBRA",0.926,"BLANCO",9.0872,1.8185,2022-04-18,18,4
"527",527,4,"MACHO",1.629,"BLANCO",14.8271,1.7881,2022-04-06,6,4
"528",528,3,"MACHO",1.7525,"NEGRO",13.5914,1.7902,2022-06-20,20,6
"529",529,2,"MACHO",1.268,"GRIS",10.531,1.9606,2022-05-22,22,5
"530",530,4,"HEMBRA",2.1538,"GRIS",13.8625,1.9774,2022-06-17,17,6
"531",531,3,"MACHO",1.8434,"GRIS",12.3208,1.6249,2022-04-06,6,4
"532",532,2,"HEMBRA",2.0972,"BLANCO",12.7396,2.0229,2022-04-23,23,4
"533",533,4,"HEMBRA",1.519,"NEGRO",15.9097,2.0754,2022-05-12,12,5
"534",534,3,"HEMBRA",0.9518,"GRIS",12.9012,1.9865,2022-05-15,15,5
"535",535,3,"MACHO",2.0527,"NEGRO",14.9229,1.6608,2022-04-23,23,4
"536",536,3,"HEMBRA",1.5251,"NEGRO",13.3962,1.6696,2022-05-01,1,5
"537",537,3,"MACHO",1.5558,"BLANCO",13.3117,2.0863,2022-06-02,2,6
"538",538,3,"MACHO",1.4053,"BLANCO",10.3838,1.8758,2022-04-10,10,4
"539",539,2,"MACHO",1.9514,"GRIS",16.677,1.8212,2022-06-21,21,6
"540",540,2,"MACHO",1.6533,"BLANCO",12.952,1.6491,2022-05-11,11,5
"541",541,2,"MACHO",1.7012,"GRIS",14.0412,2.0707,2022-04-29,29,4
"542",542,2,"MACHO",1.6988,"GRIS",13.8252,1.5678,2022-05-31,31,5
"543",543,4,"HEMBRA",1.5551,"BLANCO",11.8922,1.9193,2022-06-16,16,6
"544",544,3,"MACHO",1.6954,"NEGRO",14.1865,1.4766,2022-04-25,25,4
"545",545,4,"HEMBRA",1.8667,"NEGRO",14.9089,1.721,2022-06-24,24,6
"546",546,3,"MACHO",1.6129,"NEGRO",12.9575,1.5682,2022-06-10,10,6
"547",547,4,"HEMBRA",1.9594,"NEGRO",12.3525,1.7269,2022-06-06,6,6
"548",548,3,"MACHO",0.882,"GRIS",11.9422,1.8343,2022-05-15,15,5
"549",549,3,"HEMBRA",1.8211,"GRIS",13.9007,1.8245,2022-06-12,12,6
"550",550,2,"HEMBRA",1.5219,"NEGRO",12.7936,1.8775,2022-05-29,29,5
"551",551,4,"MACHO",2.0945,"NEGRO",14.3836,2.1493,2022-05-09,9,5
"552",552,4,"HEMBRA",1.9702,"NEGRO",10.5623,1.7766,2022-05-09,9,5
"553",553,4,"HEMBRA",1.792,"GRIS",14.6989,1.9168,2022-05-26,26,5
"554",554,3,"MACHO",1.7184,"NEGRO",12.9639,1.6186,2022-04-20,20,4
"555",555,3,"HEMBRA",2.2319,"BLANCO",16.5788,1.3658,2022-05-30,30,5
"556",556,4,"HEMBRA",1.717,"NEGRO",7.9467,1.747,2022-04-14,14,4
"557",557,4,"HEMBRA",0.8696,"GRIS",14.1249,2.0633,2022-06-27,27,6
"558",558,3,"HEMBRA",2.0074,"NEGRO",13.1052,1.795,2022-04-02,2,4
"559",559,3,"HEMBRA",1.5799,"NEGRO",15.0858,2.0133,2022-06-01,1,6
"560",560,2,"MACHO",1.2353,"GRIS",17.1161,2.464,2022-05-01,1,5
"561",561,2,"HEMBRA",1.8013,"BLANCO",13.0269,2.1744,2022-05-27,27,5
"562",562,3,"HEMBRA",1.3851,"BLANCO",9.6694,1.6125,2022-06-22,22,6
"563",563,4,"MACHO",1.4012,"NEGRO",9.5204,2.1237,2022-04-13,13,4
"564",564,4,"HEMBRA",1.6384,"BLANCO",14.8638,1.3909,2022-06-22,22,6
"565",565,4,"HEMBRA",1.4121,"GRIS",15.7592,1.918,2022-04-08,8,4
"566",566,2,"MACHO",1.276,"NEGRO",11.5977,1.7039,2022-05-09,9,5
"567",567,3,"HEMBRA",1.8634,"BLANCO",11.8705,2.0553,2022-06-29,29,6
"568",568,2,"HEMBRA",1.2741,"BLANCO",14.2992,1.5157,2022-04-07,7,4
"569",569,2,"HEMBRA",1.9149,"GRIS",13.9731,1.5535,2022-05-22,22,5
"570",570,2,"HEMBRA",1.2339,"BLANCO",14.7766,2.0052,2022-04-24,24,4
"571",571,2,"MACHO",1.8005,"NEGRO",14.2101,1.5534,2022-06-19,19,6
"572",572,4,"MACHO",1.6585,"GRIS",14.8052,1.7942,2022-06-25,25,6
"573",573,3,"HEMBRA",1.8629,"BLANCO",12.6418,1.4097,2022-06-10,10,6
"574",574,4,"HEMBRA",1.6748,"NEGRO",12.8606,1.8172,2022-06-08,8,6
"575",575,4,"MACHO",1.5541,"GRIS",15.6243,1.8084,2022-04-16,16,4
"576",576,3,"HEMBRA",1.7979,"BLANCO",14.0217,1.4399,2022-04-17,17,4
"577",577,4,"MACHO",1.5606,"NEGRO",11.7501,1.9101,2022-06-12,12,6
"578",578,2,"MACHO",1.727,"BLANCO",16.8518,1.7246,2022-05-25,25,5
"579",579,3,"HEMBRA",1.419,"GRIS",16.5642,2.0017,2022-06-15,15,6
"580",580,3,"HEMBRA",1.6798,"GRIS",11.4201,2.0623,2022-04-27,27,4
"581",581,4,"MACHO",1.287,"GRIS",11.9118,2.0957,2022-05-28,28,5
"582",582,3,"HEMBRA",1.9464,"GRIS",15.3743,1.8981,2022-06-22,22,6
"583",583,3,"HEMBRA",1.3386,"GRIS",12.0908,1.7611,2022-06-09,9,6
"584",584,3,"HEMBRA",1.7274,"GRIS",10.8581,1.5644,2022-05-12,12,5
"585",585,2,"HEMBRA",1.8537,"BLANCO",11.8595,1.6989,2022-05-01,1,5
"586",586,4,"HEMBRA",1.7824,"NEGRO",8.8896,1.9681,2022-04-19,19,4
"587",587,4,"MACHO",1.845,"BLANCO",10.0734,1.8043,2022-04-02,2,4
"588",588,3,"MACHO",1.0355,"NEGRO",10.5303,1.8311,2022-06-01,1,6
"589",589,4,"MACHO",1.6512,"GRIS",10.9424,1.6574,2022-04-07,7,4
"590",590,2,"MACHO",1.1915,"NEGRO",12.877,1.6692,2022-04-13,13,4
"591",591,2,"HEMBRA",1.3219,"GRIS",12.9515,2.0491,2022-05-05,5,5
"592",592,2,"HEMBRA",1.8804,"BLANCO",14.276,1.7184,2022-06-09,9,6
"593",593,3,"MACHO",1.5571,"NEGRO",11.0177,2.1825,2022-05-09,9,5
"594",594,4,"MACHO",1.2027,"GRIS",10.8192,2.1407,2022-05-29,29,5
"595",595,3,"HEMBRA",1.5731,"BLANCO",10.65,1.7945,2022-05-04,4,5
"596",596,2,"MACHO",1.5552,"GRIS",11.4393,1.908,2022-06-25,25,6
"597",597,2,"MACHO",1.5717,"BLANCO",11.1671,2.0345,2022-05-07,7,5
"598",598,4,"HEMBRA",1.5865,"BLANCO",10.2254,1.5614,2022-06-19,19,6
"599",599,3,"MACHO",1.313,"GRIS",13.3397,1.342,2022-05-28,28,5
"600",600,3,"HEMBRA",1.4568,"BLANCO",13.121,1.8887,2022-05-17,17,5
"601",601,3,"HEMBRA",1.6952,"BLANCO",15.4558,1.6114,2022-05-08,8,5
"602",602,4,"HEMBRA",1.8354,"GRIS",12.3131,1.9969,2022-04-13,13,4
"603",603,4,"MACHO",1.6482,"GRIS",14.2554,2.0857,2022-06-24,24,6
"604",604,2,"MACHO",2.3063,"NEGRO",12.6468,1.7068,2022-06-04,4,6
"605",605,4,"MACHO",1.9947,"BLANCO",8.1428,1.764,2022-06-09,9,6
"606",606,4,"HEMBRA",1.5403,"NEGRO",11.3188,1.8026,2022-04-30,30,4
"607",607,2,"HEMBRA",1.5626,"NEGRO",14.1943,1.7024,2022-06-06,6,6
"608",608,2,"HEMBRA",1.8523,"BLANCO",17.9321,1.9339,2022-06-06,6,6
"609",609,4,"HEMBRA",1.5147,"NEGRO",10.0494,1.6328,2022-05-02,2,5
"610",610,3,"MACHO",1.5412,"GRIS",11.0132,1.3484,2022-06-22,22,6
"611",611,3,"MACHO",1.3553,"NEGRO",14.7221,1.4115,2022-04-21,21,4
"612",612,3,"HEMBRA",1.4074,"NEGRO",16.723,1.5648,2022-06-14,14,6
"613",613,2,"HEMBRA",1.4101,"NEGRO",14.0374,1.9061,2022-05-10,10,5
"614",614,4,"HEMBRA",1.6862,"GRIS",13.6128,1.5602,2022-04-29,29,4
"615",615,2,"MACHO",1.7531,"BLANCO",13.3018,1.5362,2022-04-17,17,4
"616",616,3,"MACHO",1.8054,"BLANCO",14.6437,1.7289,2022-05-13,13,5
"617",617,4,"MACHO",1.2316,"BLANCO",10.2701,1.8307,2022-06-06,6,6
"618",618,3,"MACHO",1.8607,"NEGRO",12.5767,1.6543,2022-04-30,30,4
"619",619,3,"MACHO",1.2589,"BLANCO",12.4728,2.0997,2022-06-08,8,6
"620",620,2,"MACHO",1.4012,"BLANCO",9.4725,1.5842,2022-06-19,19,6
"621",621,4,"MACHO",1.2498,"NEGRO",14.7659,2.0521,2022-06-15,15,6
"622",622,3,"MACHO",1.3441,"BLANCO",14.9683,1.7189,2022-06-01,1,6
"623",623,3,"MACHO",2.1019,"BLANCO",16.441,1.6844,2022-06-18,18,6
"624",624,3,"HEMBRA",1.8082,"NEGRO",7.1497,1.588,2022-04-02,2,4
"625",625,3,"HEMBRA",1.2356,"NEGRO",13.2597,1.8759,2022-06-12,12,6
"626",626,4,"MACHO",1.1583,"BLANCO",7.9094,1.6972,2022-04-30,30,4
"627",627,3,"HEMBRA",2.067,"BLANCO",12.6788,1.9424,2022-06-23,23,6
"628",628,3,"HEMBRA",1.359,"NEGRO",11.8029,1.8203,2022-05-20,20,5
"629",629,2,"MACHO",1.6479,"GRIS",12.8614,1.9409,2022-04-01,1,4
"630",630,4,"MACHO",1.68,"BLANCO",12.7674,2.0664,2022-05-11,11,5
"631",631,3,"MACHO",1.4022,"BLANCO",11.4721,1.9011,2022-05-01,1,5
"632",632,4,"MACHO",1.7704,"GRIS",12.1367,1.8742,2022-05-21,21,5
"633",633,3,"HEMBRA",1.6261,"BLANCO",14.6029,1.6621,2022-06-11,11,6
"634",634,4,"MACHO",1.5063,"BLANCO",15.5292,2.144,2022-05-17,17,5
"635",635,3,"HEMBRA",1.8832,"BLANCO",13.0713,1.57,2022-05-16,16,5
"636",636,2,"HEMBRA",1.461,"GRIS",15.4956,2.3027,2022-04-15,15,4
"637",637,2,"HEMBRA",1.6311,"GRIS",11.46,2.0222,2022-05-28,28,5
"638",638,4,"MACHO",1.7251,"GRIS",10.5456,2.3213,2022-06-13,13,6
"639",639,4,"MACHO",1.4696,"GRIS",12.3975,1.7882,2022-06-21,21,6
"640",640,3,"HEMBRA",1.2897,"GRIS",13.5449,1.5855,2022-04-02,2,4
"641",641,2,"MACHO",1.841,"NEGRO",16.1311,2.0648,2022-05-20,20,5
"642",642,4,"MACHO",1.1065,"GRIS",10.1089,2.26,2022-06-30,30,6
"643",643,3,"HEMBRA",1.9618,"NEGRO",11.8898,1.741,2022-04-30,30,4
"644",644,4,"MACHO",1.0563,"NEGRO",14.2575,1.9529,2022-04-01,1,4
"645",645,4,"HEMBRA",1.7421,"NEGRO",12.6894,1.9963,2022-04-11,11,4
"646",646,3,"MACHO",1.9592,"BLANCO",13.4339,1.4361,2022-06-09,9,6
"647",647,3,"HEMBRA",1.9786,"GRIS",17.1838,1.5694,2022-05-06,6,5
"648",648,4,"HEMBRA",2.3146,"NEGRO",13.2418,1.9259,2022-04-03,3,4
"649",649,2,"MACHO",1.6102,"NEGRO",13.9772,1.8204,2022-05-31,31,5
"650",650,2,"MACHO",1.4124,"BLANCO",13.1323,1.5977,2022-04-20,20,4
"651",651,2,"HEMBRA",1.7708,"NEGRO",9.9816,1.7857,2022-05-18,18,5
"652",652,3,"MACHO",2.0063,"NEGRO",12.6837,1.4367,2022-04-09,9,4
"653",653,3,"MACHO",1.4692,"BLANCO",11.5978,1.7846,2022-04-29,29,4
"654",654,3,"HEMBRA",1.8879,"BLANCO",12.9548,1.6353,2022-04-24,24,4
"655",655,2,"HEMBRA",1.8775,"NEGRO",9.9646,1.7704,2022-05-29,29,5
"656",656,2,"HEMBRA",1.62,"BLANCO",13.1103,2.0326,2022-06-21,21,6
"657",657,2,"MACHO",1.1871,"NEGRO",14.9878,1.7462,2022-05-06,6,5
"658",658,4,"MACHO",1.7645,"GRIS",12.9803,1.6593,2022-06-11,11,6
"659",659,4,"HEMBRA",1.5075,"BLANCO",15.9738,1.5259,2022-06-05,5,6
"660",660,3,"MACHO",1.3054,"BLANCO",11.34,1.5419,2022-06-20,20,6
"661",661,2,"HEMBRA",1.2771,"NEGRO",11.639,1.4679,2022-06-24,24,6
"662",662,2,"HEMBRA",1.7043,"NEGRO",12.6652,1.7044,2022-04-23,23,4
"663",663,3,"HEMBRA",1.2044,"NEGRO",11.1774,1.5895,2022-04-22,22,4
"664",664,4,"MACHO",2.0515,"NEGRO",11.4232,1.8329,2022-03-31,31,3
"665",665,3,"MACHO",1.4312,"GRIS",12.8137,1.7852,2022-05-18,18,5
"666",666,4,"HEMBRA",1.1655,"GRIS",13.5346,1.6303,2022-04-13,13,4
"667",667,4,"MACHO",1.7064,"GRIS",13.1018,1.6626,2022-06-13,13,6
"668",668,2,"MACHO",1.3326,"BLANCO",10.5461,1.9774,2022-05-08,8,5
"669",669,2,"HEMBRA",1.6305,"NEGRO",14.6834,2.0942,2022-05-14,14,5
"670",670,4,"MACHO",1.7623,"GRIS",16.8044,1.5646,2022-05-25,25,5
"671",671,2,"MACHO",1.2885,"NEGRO",13.4689,1.8122,2022-04-19,19,4
"672",672,2,"HEMBRA",1.7888,"GRIS",12.472,1.9327,2022-05-29,29,5
"673",673,4,"MACHO",1.817,"NEGRO",13.5924,1.8938,2022-06-15,15,6
"674",674,4,"HEMBRA",1.5497,"GRIS",10.851,1.8115,2022-05-14,14,5
"675",675,2,"MACHO",1.9057,"GRIS",12.8708,1.4166,2022-05-20,20,5
"676",676,4,"HEMBRA",1.7095,"BLANCO",11.7208,1.5146,2022-05-13,13,5
"677",677,2,"HEMBRA",1.2635,"GRIS",13.4159,2.234,2022-04-22,22,4
"678",678,4,"MACHO",1.2829,"GRIS",14.8885,1.6723,2022-05-03,3,5
"679",679,2,"HEMBRA",1.4293,"GRIS",9.7758,1.6406,2022-06-30,30,6
"680",680,4,"MACHO",2.2003,"GRIS",12.2805,1.8002,2022-05-19,19,5
"681",681,3,"HEMBRA",1.6551,"BLANCO",11.1459,1.6602,2022-05-08,8,5
"682",682,3,"HEMBRA",1.7095,"BLANCO",11.9584,2.0317,2022-04-04,4,4
"683",683,4,"HEMBRA",1.7335,"NEGRO",7.2962,1.7753,2022-06-13,13,6
"684",684,4,"HEMBRA",1.7186,"NEGRO",10.9361,1.7922,2022-05-18,18,5
"685",685,2,"HEMBRA",1.6208,"BLANCO",12.905,1.9834,2022-04-27,27,4
"686",686,4,"MACHO",1.638,"BLANCO",13.0748,1.862,2022-05-20,20,5
"687",687,2,"HEMBRA",1.6499,"GRIS",14.5641,2.0387,2022-04-15,15,4
"688",688,4,"HEMBRA",2.2633,"GRIS",17.1977,1.7114,2022-06-24,24,6
"689",689,4,"MACHO",1.2915,"GRIS",15.5043,1.5347,2022-05-15,15,5
"690",690,2,"MACHO",1.6539,"BLANCO",10.4308,1.9162,2022-04-07,7,4
"691",691,4,"MACHO",1.6455,"BLANCO",16.4018,1.9882,2022-05-04,4,5
"692",692,3,"MACHO",1.0069,"GRIS",14.2736,1.7475,2022-06-26,26,6
"693",693,3,"HEMBRA",1.8197,"NEGRO",12.3275,1.5966,2022-04-23,23,4
"694",694,2,"HEMBRA",1.6871,"GRIS",14.5152,1.5115,2022-04-16,16,4
"695",695,4,"MACHO",1.5498,"GRIS",10.081,1.7663,2022-05-12,12,5
"696",696,3,"MACHO",1.1237,"NEGRO",14.9649,1.8641,2022-04-23,23,4
"697",697,3,"HEMBRA",1.256,"NEGRO",11.8996,1.9117,2022-06-20,20,6
"698",698,3,"MACHO",1.5323,"BLANCO",13.0617,1.9042,2022-04-02,2,4
"699",699,2,"MACHO",1.3544,"GRIS",10.1458,1.59,2022-05-24,24,5
"700",700,2,"HEMBRA",1.6372,"GRIS",14.0468,1.5778,2022-05-01,1,5
"701",701,4,"HEMBRA",1.5716,"BLANCO",13.891,1.4296,2022-06-04,4,6
"702",702,2,"MACHO",1.4256,"NEGRO",11.9497,2.1414,2022-05-09,9,5
"703",703,4,"HEMBRA",1.7743,"BLANCO",14.9549,1.7301,2022-05-10,10,5
"704",704,3,"MACHO",1.5832,"BLANCO",14.9947,1.7144,2022-05-28,28,5
"705",705,2,"MACHO",1.3326,"GRIS",13.9549,2.1151,2022-05-25,25,5
"706",706,4,"MACHO",1.5692,"BLANCO",12.9837,1.735,2022-05-01,1,5
"707",707,2,"HEMBRA",1.6228,"GRIS",12.4512,2.0803,2022-04-17,17,4
"708",708,2,"MACHO",1.5678,"NEGRO",13.8352,2.1109,2022-05-21,21,5
"709",709,2,"HEMBRA",1.5052,"BLANCO",12.4799,1.7086,2022-04-15,15,4
"710",710,4,"HEMBRA",1.6155,"GRIS",11.817,2.0196,2022-05-28,28,5
"711",711,3,"MACHO",1.4955,"BLANCO",12.2837,1.9227,2022-04-17,17,4
"712",712,2,"MACHO",1.5464,"BLANCO",16.8811,1.8578,2022-05-04,4,5
"713",713,4,"HEMBRA",2.2499,"GRIS",12.5466,1.7231,2022-06-17,17,6
"714",714,3,"HEMBRA",1.4116,"NEGRO",12.7106,1.9841,2022-04-04,4,4
"715",715,3,"HEMBRA",1.5707,"GRIS",21.1821,1.4181,2022-06-28,28,6
"716",716,2,"MACHO",1.2884,"NEGRO",14.0551,1.9465,2022-04-28,28,4
"717",717,4,"HEMBRA",1.7396,"NEGRO",11.0114,1.6525,2022-04-14,14,4
"718",718,2,"HEMBRA",1.9592,"BLANCO",12.8472,1.7445,2022-04-15,15,4
"719",719,4,"HEMBRA",1.6202,"BLANCO",13.0895,1.6038,2022-06-29,29,6
"720",720,3,"HEMBRA",1.6126,"NEGRO",11.5575,2.0773,2022-04-13,13,4
"721",721,4,"HEMBRA",1.561,"GRIS",12.9732,1.8926,2022-04-18,18,4
"722",722,2,"MACHO",1.8168,"NEGRO",11.9418,1.8889,2022-04-24,24,4
"723",723,4,"MACHO",1.8957,"GRIS",9.4149,1.8047,2022-04-07,7,4
"724",724,4,"HEMBRA",2.2482,"NEGRO",10.5877,2.0307,2022-05-06,6,5
"725",725,4,"HEMBRA",2.2912,"GRIS",11.4597,1.9816,2022-05-08,8,5
"726",726,4,"MACHO",1.7376,"NEGRO",14.5877,1.6395,2022-04-10,10,4
"727",727,2,"MACHO",1.9862,"NEGRO",15.2199,2.2386,2022-06-17,17,6
"728",728,2,"MACHO",2.2133,"NEGRO",9.7639,1.3826,2022-05-06,6,5
"729",729,3,"HEMBRA",1.53,"BLANCO",12.0477,1.9897,2022-06-01,1,6
"730",730,4,"MACHO",1.2745,"GRIS",14.5983,1.8892,2022-04-22,22,4
"731",731,4,"MACHO",1.8503,"GRIS",13.6684,1.7656,2022-04-30,30,4
"732",732,4,"MACHO",2.0086,"NEGRO",13.9999,1.5617,2022-05-14,14,5
"733",733,3,"MACHO",1.3317,"BLANCO",10.0923,1.681,2022-04-06,6,4
"734",734,3,"MACHO",1.4557,"NEGRO",15.0272,1.8124,2022-06-19,19,6
"735",735,3,"MACHO",1.9245,"BLANCO",12.9784,1.7875,2022-04-24,24,4
"736",736,3,"MACHO",2.0632,"GRIS",13.7335,1.6544,2022-06-05,5,6
"737",737,3,"MACHO",1.8634,"GRIS",16.135,1.5198,2022-04-06,6,4
"738",738,2,"MACHO",0.8478,"GRIS",11.1636,1.7077,2022-04-14,14,4
"739",739,2,"HEMBRA",1.3754,"BLANCO",13.4126,1.8387,2022-05-04,4,5
"740",740,2,"MACHO",1.7447,"BLANCO",10.333,1.8668,2022-05-24,24,5
"741",741,4,"HEMBRA",1.8044,"NEGRO",11.1892,1.7228,2022-05-02,2,5
"742",742,2,"HEMBRA",1.1867,"BLANCO",8.4413,2.1267,2022-04-20,20,4
"743",743,2,"HEMBRA",1.4486,"NEGRO",19.0649,1.815,2022-05-13,13,5
"744",744,2,"MACHO",1.0714,"BLANCO",11.433,1.874,2022-06-12,12,6
"745",745,4,"HEMBRA",1.5743,"GRIS",11.7973,1.7087,2022-05-25,25,5
"746",746,2,"MACHO",1.8351,"NEGRO",14.8453,1.6125,2022-04-28,28,4
"747",747,4,"MACHO",2.1494,"NEGRO",7.1514,2.0137,2022-04-15,15,4
"748",748,2,"MACHO",2.0745,"NEGRO",15.5522,2.1189,2022-06-11,11,6
"749",749,2,"HEMBRA",1.9821,"GRIS",14.5733,2.0506,2022-06-05,5,6
"750",750,4,"HEMBRA",1.3953,"NEGRO",14.3967,2.0694,2022-05-11,11,5
"751",751,2,"MACHO",1.8237,"BLANCO",10.7404,1.6306,2022-04-22,22,4
"752",752,3,"MACHO",1.6601,"GRIS",11.0912,1.7937,2022-05-01,1,5
"753",753,2,"MACHO",1.5698,"GRIS",14.4658,1.7798,2022-04-15,15,4
"754",754,3,"HEMBRA",1.9137,"GRIS",9.6482,2.0564,2022-05-21,21,5
"755",755,3,"HEMBRA",1.866,"BLANCO",13.4429,1.8052,2022-04-05,5,4
"756",756,2,"MACHO",1.7755,"BLANCO",14.3608,1.6244,2022-06-02,2,6
"757",757,3,"MACHO",1.8084,"BLANCO",10.9828,1.9963,2022-06-20,20,6
"758",758,2,"MACHO",1.5301,"BLANCO",14.1759,1.7792,2022-05-10,10,5
"759",759,3,"MACHO",1.4341,"GRIS",14.0655,1.9338,2022-04-06,6,4
"760",760,2,"MACHO",1.6819,"BLANCO",12.3356,1.7621,2022-05-01,1,5
"761",761,4,"HEMBRA",1.6722,"BLANCO",16.5377,2.0761,2022-06-19,19,6
"762",762,2,"MACHO",1.6869,"BLANCO",15.3103,1.6217,2022-04-09,9,4
"763",763,2,"HEMBRA",1.9369,"GRIS",12.4219,1.6805,2022-05-10,10,5
"764",764,2,"HEMBRA",0.8669,"BLANCO",14.3793,1.9503,2022-05-20,20,5
"765",765,3,"MACHO",1.4581,"BLANCO",14.6534,1.7372,2022-06-16,16,6
"766",766,3,"HEMBRA",1.2977,"BLANCO",16.3385,1.621,2022-04-08,8,4
"767",767,3,"MACHO",1.3958,"BLANCO",11.5326,1.5158,2022-06-03,3,6
"768",768,4,"HEMBRA",1.2644,"NEGRO",14.129,1.6432,2022-06-20,20,6
"769",769,3,"HEMBRA",2.2238,"NEGRO",11.6312,1.8545,2022-06-20,20,6
"770",770,2,"MACHO",1.7307,"BLANCO",12.5808,2.0983,2022-05-13,13,5
"771",771,4,"HEMBRA",2.1336,"GRIS",11.7275,1.5921,2022-04-22,22,4
"772",772,4,"MACHO",1.834,"NEGRO",12.179,1.9072,2022-05-22,22,5
"773",773,2,"MACHO",1.5074,"BLANCO",12.8162,1.6688,2022-06-25,25,6
"774",774,2,"MACHO",2.0518,"NEGRO",14.0718,1.6529,2022-05-20,20,5
"775",775,3,"MACHO",1.8296,"NEGRO",13.6624,1.7784,2022-06-07,7,6
"776",776,2,"HEMBRA",1.5897,"GRIS",13.0752,1.5066,2022-04-17,17,4
"777",777,4,"HEMBRA",1.356,"BLANCO",13.5395,1.8771,2022-05-29,29,5
"778",778,3,"HEMBRA",1.7573,"NEGRO",9.4783,1.6055,2022-06-05,5,6
"779",779,4,"HEMBRA",2.0295,"BLANCO",11.8209,1.8933,2022-05-31,31,5
"780",780,4,"HEMBRA",1.9292,"GRIS",11.4514,1.631,2022-04-19,19,4
"781",781,2,"MACHO",1.9854,"BLANCO",12.184,2.0354,2022-04-19,19,4
"782",782,2,"HEMBRA",1.5479,"NEGRO",13.5138,1.8563,2022-06-17,17,6
"783",783,3,"MACHO",1.8457,"BLANCO",14.7178,1.8713,2022-04-04,4,4
"784",784,3,"MACHO",1.9096,"GRIS",8.2651,1.74,2022-06-25,25,6
"785",785,3,"HEMBRA",1.4756,"BLANCO",11.3093,2.0577,2022-06-14,14,6
"786",786,4,"MACHO",1.9133,"BLANCO",18.8591,2.1278,2022-05-21,21,5
"787",787,2,"HEMBRA",1.2295,"NEGRO",14.9067,1.9653,2022-06-28,28,6
"788",788,2,"MACHO",1.373,"BLANCO",11.5305,1.6001,2022-04-11,11,4
"789",789,4,"MACHO",1.4852,"GRIS",13.9928,1.7102,2022-06-01,1,6
"790",790,3,"HEMBRA",1.283,"BLANCO",14.5337,1.7416,2022-05-06,6,5
"791",791,4,"MACHO",1.569,"BLANCO",12.3776,1.7581,2022-06-24,24,6
"792",792,2,"MACHO",2.2486,"BLANCO",12.2844,1.7636,2022-05-03,3,5
"793",793,3,"HEMBRA",1.3743,"NEGRO",12.0509,1.9204,2022-06-08,8,6
"794",794,2,"HEMBRA",1.5213,"BLANCO",10.0918,1.8663,2022-04-07,7,4
"795",795,4,"HEMBRA",1.988,"NEGRO",10.2376,1.5322,2022-05-10,10,5
"796",796,3,"MACHO",2.081,"NEGRO",15.5859,1.9997,2022-04-26,26,4
"797",797,2,"HEMBRA",1.418,"BLANCO",11.5111,1.6479,2022-05-23,23,5
"798",798,3,"HEMBRA",1.6255,"BLANCO",12.2279,1.9917,2022-04-12,12,4
"799",799,2,"MACHO",1.396,"GRIS",10.9915,2.0787,2022-05-09,9,5
"800",800,4,"MACHO",1.6112,"BLANCO",11.7762,1.7672,2022-04-07,7,4
"801",801,3,"HEMBRA",1.6096,"BLANCO",12.4646,1.8568,2022-05-24,24,5
"802",802,3,"HEMBRA",1.1852,"BLANCO",13.0591,1.7557,2022-04-25,25,4
"803",803,3,"HEMBRA",1.7559,"NEGRO",15.5458,1.8751,2022-04-01,1,4
"804",804,4,"HEMBRA",1.7126,"GRIS",12.7618,1.8714,2022-05-29,29,5
"805",805,3,"MACHO",1.1499,"NEGRO",10.9304,1.8338,2022-04-12,12,4
"806",806,4,"HEMBRA",1.6323,"BLANCO",9.607,1.8888,2022-05-30,30,5
"807",807,2,"HEMBRA",1.8566,"NEGRO",13.6264,1.6843,2022-05-08,8,5
"808",808,3,"HEMBRA",1.9293,"NEGRO",12.9966,1.9997,2022-04-04,4,4
"809",809,2,"HEMBRA",1.9724,"GRIS",15.4218,1.7008,2022-04-12,12,4
"810",810,4,"HEMBRA",1.4898,"GRIS",14.782,1.8769,2022-04-13,13,4
"811",811,4,"MACHO",1.3816,"GRIS",12.2233,1.6328,2022-05-31,31,5
"812",812,4,"HEMBRA",1.428,"GRIS",11.958,1.9866,2022-06-18,18,6
"813",813,3,"HEMBRA",1.7785,"GRIS",11.401,1.8899,2022-06-13,13,6
"814",814,2,"MACHO",1.3414,"GRIS",12.5935,2.1077,2022-06-17,17,6
"815",815,2,"MACHO",1.6421,"BLANCO",12.0713,1.9068,2022-05-10,10,5
"816",816,3,"HEMBRA",1.6147,"GRIS",12.0173,1.7815,2022-06-24,24,6
"817",817,3,"HEMBRA",1.2014,"BLANCO",13.468,2.1376,2022-06-15,15,6
"818",818,2,"HEMBRA",1.7674,"NEGRO",10.6743,1.7546,2022-05-02,2,5
"819",819,3,"HEMBRA",1.4477,"GRIS",13.2625,2.2091,2022-05-27,27,5
"820",820,4,"HEMBRA",1.9997,"NEGRO",13.8274,1.7353,2022-05-25,25,5
"821",821,4,"HEMBRA",2.1841,"NEGRO",12.4893,1.577,2022-04-01,1,4
"822",822,3,"MACHO",1.7498,"NEGRO",12.6507,1.5999,2022-06-04,4,6
"823",823,3,"MACHO",1.0817,"GRIS",10.0622,1.8312,2022-05-11,11,5
"824",824,4,"MACHO",1.9826,"BLANCO",16.502,1.8577,2022-05-17,17,5
"825",825,2,"HEMBRA",1.4555,"BLANCO",12.5765,1.987,2022-05-10,10,5
"826",826,3,"HEMBRA",1.6056,"BLANCO",10.259,1.8579,2022-04-13,13,4
"827",827,4,"MACHO",1.7503,"GRIS",11.9726,1.4411,2022-04-11,11,4
"828",828,4,"HEMBRA",1.3478,"GRIS",13.6739,1.5636,2022-06-04,4,6
"829",829,2,"HEMBRA",1.5353,"NEGRO",13.4967,1.815,2022-05-01,1,5
"830",830,3,"MACHO",1.766,"GRIS",13.443,1.6858,2022-06-11,11,6
"831",831,4,"HEMBRA",1.9974,"BLANCO",12.0747,1.7794,2022-06-22,22,6
"832",832,3,"HEMBRA",1.7014,"NEGRO",15.5728,1.6376,2022-06-21,21,6
"833",833,4,"HEMBRA",1.7476,"BLANCO",12.7149,2.0242,2022-05-07,7,5
"834",834,3,"HEMBRA",1.6095,"NEGRO",13.3428,1.5128,2022-06-08,8,6
"835",835,2,"HEMBRA",1.1756,"BLANCO",8.3216,1.7706,2022-04-12,12,4
"836",836,2,"MACHO",1.4479,"GRIS",14.6267,1.9368,2022-05-03,3,5
"837",837,4,"HEMBRA",1.6579,"GRIS",14.7281,2.1984,2022-05-31,31,5
"838",838,4,"HEMBRA",1.4197,"BLANCO",14.6018,2.2147,2022-05-01,1,5
"839",839,2,"HEMBRA",1.9719,"NEGRO",12.8008,1.784,2022-04-25,25,4
"840",840,2,"HEMBRA",1.5991,"NEGRO",14.2049,1.7045,2022-04-01,1,4
"841",841,4,"HEMBRA",1.3693,"BLANCO",15.0101,2.0061,2022-06-26,26,6
"842",842,2,"HEMBRA",1.4174,"GRIS",14.729,1.704,2022-05-28,28,5
"843",843,4,"HEMBRA",1.2191,"NEGRO",15.7754,1.665,2022-06-15,15,6
"844",844,2,"HEMBRA",1.9916,"BLANCO",9.7785,1.6705,2022-05-29,29,5
"845",845,2,"HEMBRA",1.3845,"NEGRO",18.2685,1.7407,2022-05-02,2,5
"846",846,4,"MACHO",2.0802,"NEGRO",13.5654,1.8831,2022-04-14,14,4
"847",847,2,"MACHO",2.0464,"BLANCO",11.2976,1.9815,2022-06-17,17,6
"848",848,3,"MACHO",1.5877,"GRIS",11.8757,2.2265,2022-05-10,10,5
"849",849,2,"MACHO",1.8065,"GRIS",13.3819,2.1301,2022-05-30,30,5
"850",850,2,"MACHO",1.8432,"NEGRO",9.5933,2.0996,2022-05-04,4,5
"851",851,2,"MACHO",1.8407,"BLANCO",12.5305,1.8723,2022-04-27,27,4
"852",852,2,"MACHO",1.3734,"GRIS",15.9156,2.1123,2022-06-20,20,6
"853",853,3,"HEMBRA",1.7607,"NEGRO",13.2634,1.7636,2022-06-16,16,6
"854",854,3,"HEMBRA",1.8211,"NEGRO",11.5697,2.0911,2022-05-16,16,5
"855",855,2,"HEMBRA",1.3644,"GRIS",11.8204,1.4929,2022-06-26,26,6
"856",856,3,"MACHO",1.5185,"GRIS",11.5415,1.6632,2022-06-09,9,6
"857",857,3,"MACHO",1.2823,"GRIS",14.1366,1.6732,2022-05-01,1,5
"858",858,4,"HEMBRA",1.753,"GRIS",9.6438,2.1095,2022-06-07,7,6
"859",859,4,"HEMBRA",1.7155,"NEGRO",15.8536,1.8122,2022-06-06,6,6
"860",860,4,"HEMBRA",1.7177,"GRIS",15.5303,1.7003,2022-04-16,16,4
"861",861,3,"MACHO",1.7862,"GRIS",13.9595,1.9694,2022-05-16,16,5
"862",862,4,"HEMBRA",1.7827,"NEGRO",10.6955,1.8473,2022-05-10,10,5
"863",863,3,"HEMBRA",1.5243,"BLANCO",11.8304,2.0133,2022-04-02,2,4
"864",864,2,"HEMBRA",1.5611,"GRIS",14.0504,1.6296,2022-04-24,24,4
"865",865,2,"HEMBRA",1.5853,"GRIS",15.5607,1.5133,2022-06-26,26,6
"866",866,4,"HEMBRA",1.4911,"NEGRO",13.3097,2.038,2022-06-10,10,6
"867",867,4,"MACHO",0.9267,"BLANCO",13.2799,1.7463,2022-04-25,25,4
"868",868,3,"HEMBRA",1.0657,"NEGRO",13.9364,2.0081,2022-05-10,10,5
"869",869,4,"MACHO",1.6902,"GRIS",11.0918,1.8557,2022-04-15,15,4
"870",870,2,"HEMBRA",1.4909,"NEGRO",11.7559,1.7731,2022-05-24,24,5
"871",871,2,"HEMBRA",1.4148,"GRIS",11.9896,1.823,2022-04-08,8,4
"872",872,2,"MACHO",1.6621,"BLANCO",10.9066,1.5407,2022-06-25,25,6
"873",873,2,"HEMBRA",1.9243,"NEGRO",10.832,1.9559,2022-05-09,9,5
"874",874,3,"HEMBRA",1.6104,"BLANCO",11.3128,1.4303,2022-05-29,29,5
"875",875,2,"HEMBRA",1.741,"BLANCO",12.7876,1.3767,2022-05-07,7,5
"876",876,3,"MACHO",1.2338,"BLANCO",12.8253,1.9616,2022-06-23,23,6
"877",877,3,"MACHO",1.5727,"GRIS",12.076,1.7929,2022-05-30,30,5
"878",878,3,"HEMBRA",1.3924,"BLANCO",15.9001,1.9637,2022-04-01,1,4
"879",879,4,"HEMBRA",1.7085,"NEGRO",15.3733,1.7804,2022-05-15,15,5
"880",880,2,"HEMBRA",1.4547,"NEGRO",14.6554,1.5587,2022-04-04,4,4
"881",881,3,"HEMBRA",0.9408,"BLANCO",15.5618,1.4224,2022-06-08,8,6
"882",882,2,"HEMBRA",1.4253,"NEGRO",14.6181,1.6135,2022-05-01,1,5
"883",883,2,"MACHO",1.4674,"BLANCO",11.1568,1.9743,2022-06-21,21,6
"884",884,2,"MACHO",1.3119,"BLANCO",15.4681,1.9273,2022-05-10,10,5
"885",885,3,"HEMBRA",1.724,"NEGRO",14.0985,1.7094,2022-04-15,15,4
"886",886,2,"MACHO",1.73,"BLANCO",13.1461,1.6506,2022-06-07,7,6
"887",887,4,"MACHO",1.9035,"NEGRO",12.8032,1.7948,2022-06-18,18,6
"888",888,4,"HEMBRA",1.6984,"NEGRO",11.8514,1.8671,2022-06-16,16,6
"889",889,4,"HEMBRA",1.9522,"BLANCO",11.6846,1.9368,2022-04-27,27,4
"890",890,2,"HEMBRA",1.9177,"NEGRO",14.821,1.791,2022-06-02,2,6
"891",891,3,"MACHO",1.9036,"NEGRO",11.6713,1.5187,2022-04-13,13,4
"892",892,4,"MACHO",1.5645,"GRIS",11.864,1.6929,2022-04-05,5,4
"893",893,4,"HEMBRA",1.1233,"BLANCO",9.365,1.9218,2022-06-02,2,6
"894",894,2,"MACHO",1.9495,"GRIS",11.5253,2.1244,2022-05-07,7,5
"895",895,2,"MACHO",1.3822,"NEGRO",13.4773,1.6788,2022-06-14,14,6
"896",896,3,"MACHO",1.5875,"BLANCO",15.1702,1.7573,2022-06-23,23,6
"897",897,3,"HEMBRA",2.2168,"BLANCO",12.4145,1.9385,2022-06-05,5,6
"898",898,3,"MACHO",1.9936,"GRIS",13.682,2.0224,2022-04-22,22,4
"899",899,2,"HEMBRA",1.9876,"NEGRO",12.8459,1.8432,2022-06-27,27,6
"900",900,3,"HEMBRA",1.1818,"BLANCO",14.2799,1.7135,2022-05-12,12,5
"901",901,3,"HEMBRA",1.1506,"GRIS",15.4223,1.6182,2022-04-29,29,4
"902",902,2,"MACHO",1.3468,"NEGRO",13.3418,1.2761,2022-06-01,1,6
"903",903,3,"MACHO",2.0107,"NEGRO",12.3191,1.8895,2022-04-13,13,4
"904",904,2,"MACHO",1.2861,"GRIS",11.4605,1.8644,2022-05-09,9,5
"905",905,2,"MACHO",1.8648,"BLANCO",12.0113,1.7395,2022-05-24,24,5
"906",906,4,"HEMBRA",1.724,"GRIS",13.4959,1.8194,2022-05-13,13,5
"907",907,2,"MACHO",1.4409,"BLANCO",10.7187,1.4947,2022-03-31,31,3
"908",908,2,"MACHO",1.5902,"BLANCO",13.2759,2.0091,2022-05-07,7,5
"909",909,4,"MACHO",1.3403,"GRIS",13.9089,1.7172,2022-05-30,30,5
"910",910,2,"MACHO",1.2858,"NEGRO",11.6632,1.7318,2022-04-29,29,4
"911",911,4,"MACHO",0.9973,"NEGRO",14.6831,2.1733,2022-05-06,6,5
"912",912,2,"MACHO",1.5791,"GRIS",13.2393,1.9292,2022-06-05,5,6
"913",913,2,"HEMBRA",1.3928,"BLANCO",9.5151,1.6356,2022-04-05,5,4
"914",914,4,"HEMBRA",1.5081,"GRIS",14.5251,1.9587,2022-05-13,13,5
"915",915,4,"MACHO",1.1821,"BLANCO",13.4068,1.6089,2022-04-21,21,4
"916",916,2,"MACHO",1.5884,"NEGRO",13.6033,2.0605,2022-06-17,17,6
"917",917,3,"HEMBRA",1.8042,"NEGRO",12.7314,1.8753,2022-05-24,24,5
"918",918,3,"MACHO",1.3035,"BLANCO",13.5638,2.0481,2022-04-15,15,4
"919",919,2,"MACHO",1.7412,"NEGRO",14.4707,1.7501,2022-04-24,24,4
"920",920,3,"MACHO",1.43,"GRIS",10.6791,1.7569,2022-06-12,12,6
"921",921,4,"HEMBRA",1.7018,"NEGRO",13.3248,1.7139,2022-04-18,18,4
"922",922,2,"MACHO",1.7076,"NEGRO",12.9128,1.7845,2022-06-13,13,6
"923",923,4,"HEMBRA",1.9752,"BLANCO",11.6209,1.9416,2022-06-10,10,6
"924",924,4,"MACHO",1.5952,"NEGRO",11.2613,1.9594,2022-05-21,21,5
"925",925,3,"HEMBRA",2.0077,"NEGRO",12.5064,1.5223,2022-06-09,9,6
"926",926,3,"HEMBRA",1.4827,"NEGRO",13.1122,1.8381,2022-04-03,3,4
"927",927,4,"HEMBRA",1.3299,"BLANCO",12.4407,1.7203,2022-05-26,26,5
"928",928,2,"MACHO",1.6899,"NEGRO",15.3246,2.0369,2022-04-14,14,4
"929",929,4,"HEMBRA",1.2597,"NEGRO",10.5563,1.6904,2022-04-22,22,4
"930",930,4,"MACHO",1.5229,"GRIS",13.1244,1.79,2022-05-13,13,5
"931",931,4,"HEMBRA",1.6386,"NEGRO",14.1605,1.7351,2022-04-24,24,4
"932",932,3,"MACHO",1.6211,"NEGRO",12.096,1.4589,2022-05-20,20,5
"933",933,3,"HEMBRA",1.3329,"BLANCO",12.6613,1.7145,2022-06-03,3,6
"934",934,3,"HEMBRA",1.2709,"GRIS",12.1607,2.0621,2022-05-25,25,5
"935",935,2,"MACHO",2.0792,"GRIS",13.9483,1.6814,2022-05-19,19,5
"936",936,2,"MACHO",1.3266,"GRIS",14.1681,1.7656,2022-04-06,6,4
"937",937,2,"HEMBRA",1.7292,"BLANCO",16.1428,1.8022,2022-06-25,25,6
"938",938,2,"MACHO",2.3426,"GRIS",12.0187,1.7097,2022-05-14,14,5
"939",939,4,"MACHO",1.1108,"NEGRO",15.9702,1.5139,2022-06-27,27,6
"940",940,2,"MACHO",1.399,"NEGRO",17.0755,1.6432,2022-06-02,2,6
"941",941,4,"HEMBRA",1.6209,"GRIS",17.7567,1.8957,2022-05-04,4,5
"942",942,2,"HEMBRA",1.2587,"NEGRO",12.8397,1.5504,2022-04-24,24,4
"943",943,3,"HEMBRA",1.6201,"BLANCO",10.8106,1.7604,2022-06-01,1,6
"944",944,2,"HEMBRA",2.0592,"GRIS",15.7648,1.7174,2022-05-12,12,5
"945",945,2,"HEMBRA",2.2693,"NEGRO",12.2114,2.131,2022-06-09,9,6
"946",946,2,"HEMBRA",1.6302,"NEGRO",9.99,1.9853,2022-06-16,16,6
"947",947,4,"HEMBRA",1.7473,"GRIS",12.1255,2.0504,2022-04-26,26,4
"948",948,2,"HEMBRA",1.7559,"GRIS",10.97,1.6284,2022-04-20,20,4
"949",949,4,"HEMBRA",1.5975,"GRIS",12.9675,2.0202,2022-04-30,30,4
"950",950,4,"MACHO",1.9486,"BLANCO",11.4642,2.3698,2022-04-24,24,4
"951",951,3,"HEMBRA",1.5526,"NEGRO",14.8411,1.7454,2022-06-10,10,6
"952",952,4,"MACHO",1.9006,"BLANCO",10.4397,1.7266,2022-06-28,28,6
"953",953,3,"HEMBRA",1.6914,"BLANCO",11.3021,1.6423,2022-06-30,30,6
"954",954,2,"HEMBRA",1.7646,"NEGRO",15.7342,1.6704,2022-06-01,1,6
"955",955,3,"MACHO",1.8049,"BLANCO",12.0956,1.273,2022-05-03,3,5
"956",956,2,"MACHO",1.5925,"GRIS",13.9287,2.0767,2022-04-17,17,4
"957",957,3,"HEMBRA",1.2958,"BLANCO",12.696,1.5705,2022-04-27,27,4
"958",958,2,"MACHO",1.807,"NEGRO",14.5799,1.6069,2022-05-11,11,5
"959",959,4,"HEMBRA",1.4443,"BLANCO",11.2699,1.8918,2022-06-15,15,6
"960",960,3,"MACHO",1.4614,"BLANCO",15.8545,1.6071,2022-05-22,22,5
"961",961,4,"HEMBRA",1.7695,"NEGRO",10.9369,2.5012,2022-05-30,30,5
"962",962,3,"HEMBRA",1.4981,"GRIS",9.3456,1.8959,2022-05-05,5,5
"963",963,4,"HEMBRA",1.1595,"GRIS",12.4685,1.3951,2022-06-03,3,6
"964",964,2,"HEMBRA",1.0218,"NEGRO",15.3829,1.6232,2022-06-28,28,6
"965",965,2,"HEMBRA",1.2895,"BLANCO",13.8157,2.0272,2022-04-07,7,4
"966",966,4,"MACHO",1.5471,"BLANCO",17.3692,1.8875,2022-05-31,31,5
"967",967,3,"HEMBRA",1.7181,"NEGRO",15.439,1.8534,2022-04-20,20,4
"968",968,3,"HEMBRA",1.589,"GRIS",11.6056,1.5717,2022-04-23,23,4
"969",969,4,"HEMBRA",1.7886,"BLANCO",10.3408,1.4305,2022-04-10,10,4
"970",970,3,"MACHO",0.9333,"NEGRO",14.3742,1.6386,2022-04-05,5,4
"971",971,3,"MACHO",1.1712,"NEGRO",9.2723,1.4494,2022-04-13,13,4
"972",972,4,"HEMBRA",1.7463,"GRIS",15.0646,1.7817,2022-04-20,20,4
"973",973,3,"MACHO",1.7941,"NEGRO",14.8586,1.8123,2022-05-11,11,5
"974",974,2,"HEMBRA",1.418,"BLANCO",15.0633,1.5304,2022-05-06,6,5
"975",975,4,"MACHO",1.8457,"GRIS",12.0836,1.786,2022-06-03,3,6
"976",976,2,"MACHO",1.3854,"GRIS",13.2198,1.7772,2022-05-21,21,5
"977",977,4,"MACHO",1.5338,"NEGRO",10.8576,1.6933,2022-06-30,30,6
"978",978,3,"HEMBRA",1.7174,"GRIS",12.3718,1.7899,2022-04-26,26,4
"979",979,4,"HEMBRA",1.4828,"GRIS",14.1806,1.7642,2022-05-16,16,5
"980",980,4,"MACHO",1.1157,"NEGRO",15.3822,1.7359,2022-05-03,3,5
"981",981,4,"MACHO",1.4352,"GRIS",15.0756,1.8167,2022-04-08,8,4
"982",982,4,"MACHO",1.8115,"GRIS",10.6131,2.0694,2022-04-26,26,4
"983",983,3,"MACHO",1.7282,"BLANCO",8.4009,1.5115,2022-06-02,2,6
"984",984,2,"MACHO",2.0388,"NEGRO",15.4608,1.4965,2022-04-08,8,4
"985",985,4,"MACHO",1.6583,"GRIS",11.0078,1.5999,2022-06-24,24,6
"986",986,3,"MACHO",1.7037,"NEGRO",14.6044,1.5057,2022-04-29,29,4
"987",987,3,"MACHO",1.8578,"NEGRO",10.3426,1.795,2022-06-03,3,6
"988",988,4,"HEMBRA",1.5972,"BLANCO",10.528,1.7762,2022-05-24,24,5
"989",989,3,"HEMBRA",1.4548,"BLANCO",11.0399,2.0461,2022-04-07,7,4
"990",990,4,"MACHO",2.0053,"BLANCO",7.9385,1.6955,2022-04-16,16,4
"991",991,2,"MACHO",1.3924,"GRIS",13.8868,1.9231,2022-04-27,27,4
"992",992,3,"MACHO",1.9113,"NEGRO",11.0041,1.7066,2022-06-25,25,6
"993",993,2,"HEMBRA",2.0388,"BLANCO",16.1499,1.9735,2022-04-15,15,4
"994",994,4,"MACHO",1.6007,"BLANCO",17.568,1.6768,2022-06-11,11,6
"995",995,4,"HEMBRA",1.3345,"GRIS",13.82,1.4554,2022-04-09,9,4
"996",996,2,"MACHO",1.2966,"GRIS",15.4557,1.8407,2022-05-27,27,5
"997",997,2,"MACHO",1.4338,"BLANCO",9.9425,1.831,2022-06-23,23,6
"998",998,2,"HEMBRA",1.5616,"NEGRO",11.2362,2.1607,2022-05-19,19,5
"999",999,3,"HEMBRA",1.566,"GRIS",14.6107,1.8985,2022-04-19,19,4
"1000",1000,3,"HEMBRA",1.2236,"GRIS",15.2702,1.4866,2022-04-05,5,4
